Ticker,YF Ticker,Sector,Price (Rs),Mkt Cap (LCr),Mkt Cap Raw,P/E,Fwd P/E,PEG,PEG Method,Earn Traj,52W Pos%,ROIC%,ROE%,Int Coverage,Op Margin%,Debt/Eq,Quality Score,Momentum Score,Ret 1Mo%,Ret 3Mo%,Ret 6Mo%,Trailing Vol%,Eligible,Data Sources,Rev Q1 (1000Cr),Rev Q2 (1000Cr),Rev Q3 (1000Cr),Rev Q4 (1000Cr),Rev Growth% (CAGR),MC% of Index,Score,Rank,Conviction Score
360ONE,360ONE.NS,Financials,1091.0,0.444652879872,444652879872.0,36.23381,26.636711,1.9661737191752564,Yahoo EPS growth,0.06773743016759781,56.019990913221264,0.47429934927683715,,1.6737272080364487,61.07,161.977,8.368636040182244,0.43142305661546126,-6.029285099052539,-3.5196362848914586,5.168988118779483,25.95659422026055,True,PE:Yahoo | FwdPE:Yahoo | PEG:Yahoo(Yahoo EPS growth) | ROIC:Computed | IC:Yahoo | ET:Yahoo,0.089832,0.081068,0.080713,0.066278,10.667616906441445,0.11030631072356847,56.50211071234827,22,63.88820822320122
3MINDIA,3MINDIA.NS,Financials,32710.0,0.368480452608,368480452608.0,63.693897,42.08698,1.3500873206019925,Yahoo EPS growth,0.1558676218855006,42.795698924731184,2.5470474130897753,,23.96984458362329,15.554000000000002,9.6,50.0,0.32277622745005347,-8.974537359120639,4.796203150020872,-1.59039370611751,22.876974897867143,True,PE:Yahoo | FwdPE:Yahoo | PEG:Yahoo(Yahoo EPS growth) | ROIC:Computed | IC:Yahoo | ET:Yahoo,0.142321,0.139924,0.1228053,0.119597,5.969991683700049,0.09140999899211194,66.77005085676659,11,75.49839923552739
ABB,ABB.NS,Industrials,7274.0,1.541421531136,1541421531136.0,97.09023,69.35508,,—,0.014759036144578266,80.20991785822939,3.368259761617727,19.131,100.0,11.459,1.547,57.19399485146142,0.6634034599485704,-5.654993514915696,6.314664073139631,15.302427200847557,31.59076185310814,True,PE:Yahoo | FwdPE:Yahoo | ROIC:Computed | IC:Yahoo | ET:Yahoo,0.352103,0.316241,0.349579,0.290956,6.564888766304899,0.38238484459705185,55.563881536738535,33,31.040947138142922
ACC,ACC.NS,Materials,1246.5,0.234076831744,234076831744.0,12.300179,12.692744,2.33,Yahoo,-0.30415207603801897,2.1020624008461253,0.821095202196068,,29.67550200803213,3.375,2.085,41.964512358205155,-0.2951800595936377,-6.475093462369319,-8.102331350335756,-12.535763809093748,20.532113026428362,True,PE:Yahoo | FwdPE:Yahoo | PEG:Yahoo(Yahoo) | ROIC:Computed | IC:Yahoo | ET:Yahoo,0.579,0.712447,0.639117,0.6277,-2.6560843549219615,0.058068108640103346,63.92970418753394,4,72.28675533157049
ACMESOLAR,ACMESOLAR.NS,Utilities,402.3,0.284141060096,284141060096.0,41.474228,16.160494,0.22520430348387102,Yahoo EPS growth,0.3587962962962962,87.97953964194375,1.3710213687223225,,1.9296967499206745,67.57600000000001,393.194,48.14581537909987,1.4129982616750678,7.42322771507844,18.445457094746274,57.38820344757536,35.36096051049979,True,PE:Yahoo | FwdPE:Yahoo | PEG:Yahoo(Yahoo EPS growth) | ROIC:Computed | IC:Yahoo | ET:Yahoo,0.0857478,0.0547768,0.0496622,0.0510984,18.833410518814865,0.0704876848504747,33.64445612573367,15,36.10176444639828
AIAENG,AIAENG.NS,Industrials,4096.6,0.38229622784,382296227840.0,30.210915,26.808456,3.137855893228343,Yahoo EPS growth,0.04271779347460482,49.51537744641195,4.809784876130438,,40.54326269886488,23.876,0.128,70.30969423412141,0.6515930778307091,-9.086902689887989,-7.99250327214186,9.855449548297424,29.070830987413963,True,PE:Yahoo | FwdPE:Yahoo | PEG:Yahoo(Yahoo EPS growth) | ROIC:Computed | IC:Yahoo | ET:Yahoo,0.1153244,0.12510587,0.10487361,0.10296748,3.8501288958799895,0.09483731783926902,66.67465208817514,10,46.56002005445473
APLAPOLLO,APLAPOLLO.NS,Industrials,2153.5,0.5979373568,597937356800.0,48.545986,33.84165,3.1112484677419365,Yahoo EPS growth,0.054385964912280683,77.17944761610862,1.8748561622438649,,17.430510018214935,6.276,9.396,48.81383398647713,0.2861892346117881,4.722943072276786,17.36133591293847,11.824739362022108,24.815036454389396,True,PE:Yahoo | FwdPE:Yahoo | PEG:Yahoo(Yahoo EPS growth) | ROIC:Computed | IC:Yahoo | ET:Yahoo,0.543821,0.607598,0.564852,0.500281,2.820723379434198,0.14833202900068143,65.92493187357609,12,46.036477941617036
AUBANK,AUBANK.NS,Financials,1058.9,0.793556484096,793556484096.0,28.087534,17.505682,0.4824887618374556,Yahoo EPS growth,0.1814102564102565,80.8882907133244,,,,35.311002,,0.0,0.7918781169591977,-2.9778265780641022,2.5472524292366128,17.482635963883464,25.83789361488545,True,PE:Yahoo | FwdPE:Yahoo | PEG:Yahoo(Yahoo EPS growth) | ET:Yahoo,0.33847133,0.33132799,0.30650663,0.28552772,5.833835807899135,0.1968598249866142,32.57401253301474,75,36.83216908425331
AWL,AWL.NS,Consumer Staples,185.02,0.239012102144,239012102144.0,20.695751,17.416597,0.3621860512500001,Yahoo EPS growth,0.24043715846994532,12.380270342852041,1.0301614844613445,,4.1655466728459425,2.875,10.621,23.154586050061198,0.43495361867761323,-4.746705601296741,-2.706367025150691,5.584171261758031,23.75167470606101,True,PE:Yahoo | FwdPE:Yahoo | PEG:Yahoo(Yahoo EPS growth) | ROIC:Computed | IC:Yahoo | ET:Yahoo,2.004814,2.146478,1.860267,1.705865,5.530130675278921,0.05929241527318743,24.507360875223814,25,19.56341752881062
AADHARHFC,AADHARHFC.NS,Financials,456.8,0.20017283072,200172830720.0,17.732918,12.35087,2.4542373935483903,Yahoo EPS growth,0.02516233766233763,20.060218291306008,0.04704758831063194,,1.9693825215006207,61.72299999999999,255.574,9.846912607503103,0.3079279689419057,-9.22099031964494,-5.814435506604376,-0.6416557274673718,27.861498329163346,True,PE:Yahoo | FwdPE:Yahoo | PEG:Yahoo(Yahoo EPS growth) | ROIC:Computed | IC:Yahoo | ET:Yahoo,0.093704,0.091056,0.088426,0.084895,3.345603535614128,0.04965744620876569,50.099625840335094,35,56.64877448361034
AARTIIND,AARTIIND.NS,Chemicals,492.7,0.1787154432,178715443200.0,33.677376,24.538967,0.09480964522727273,Yahoo EPS growth,1.0,72.36780533458118,0.05803426342912856,,4.420565453137103,8.881,83.392,22.68364351402005,0.4640449871596449,-7.010844015943308,-0.897428358269603,10.640837577931862,38.03872917994151,True,PE:Yahoo | FwdPE:Yahoo | PEG:Yahoo(Yahoo EPS growth) | ROIC:Computed | IC:Yahoo | ET:Yahoo,0.2387,0.2205,0.2318,0.1675,12.532820103087406,0.04433445076166888,22.522292406390978,26,20.134527481036415
AAVAS,AAVAS.NS,Financials,1275.1,0.101108195328,101108195328.0,14.792344,11.095676,,—,0.021487204249155012,30.175685172171445,0.005254108200948076,,100.0,54.527,310.553,50.0,0.6063391256093302,-9.96328064191644,-9.25846712970918,8.077633735688705,29.753835132237644,True,PE:Yahoo | FwdPE:Yahoo | ROIC:Computed | IC:Yahoo | ET:Yahoo,0.06420377,0.06270102,0.0602369,0.05911819,2.7889588497701734,0.025082198981282083,36.88535525148748,62,33.36568106194689
ABBOTINDIA,ABBOTINDIA.NS,Health Care,25550.0,0.542919655424,542919655424.0,33.66981,28.195896,,—,0.015965612526865236,6.624102154828412,4.828151476118007,,86.93957583033213,27.719998,3.602,73.5436640988001,0.37561566501270005,-9.203980099502484,-0.40801833608243854,-2.012835647385236,19.144953530822807,True,PE:Yahoo | FwdPE:Yahoo | ROIC:Computed | IC:Yahoo | ET:Yahoo,0.181368,0.170951,0.172404,0.175715,1.0610816986684979,0.13468363058026742,50.26070742070673,23,26.3626012912345
ACE,ACE.NS,Industrials,1129.0,0.134382485504,134382485504.0,30.771328,23.970276,1.0753877921311485,Yahoo EPS growth,0.11144945188794142,85.1408294522067,5.205056322375787,,26.180290125160013,13.841999999999999,0.393,62.58694425462923,0.7638581673993706,3.1907367226875483,21.758286952605488,30.631596803350945,35.92402523375311,True,PE:Yahoo | FwdPE:Yahoo | PEG:Yahoo(Yahoo EPS growth) | ROIC:Computed | IC:Yahoo | ET:Yahoo,0.078568,0.102949,0.085463,0.065208,6.4097948653645265,0.03333664724284874,55.721219124114974,32,38.91105538048361
ACUTAAS,ACUTAAS.NS,Health Care,3383.7,0.277027291136,277027291136.0,71.94769,46.20252,0.6829388885245902,Yahoo EPS growth,0.33826247689463956,85.38556193601312,1.4035902580404702,,100.0,31.319000000000003,2.081,67.94508811966274,1.0891917083507088,7.303230036157338,9.267930523633439,54.66928859962466,43.4873477279685,True,PE:Yahoo | FwdPE:Yahoo | PEG:Yahoo(Yahoo EPS growth) | ROIC:Computed | IC:Yahoo | ET:Yahoo,0.03296748,0.04223519,0.03931833,0.02072372,16.73632359319548,0.06872295185348314,55.41374676003414,12,36.331823278475355
ADANIENSOL,ADANIENSOL.NS,Utilities,1373.0,1.679116468224,1679116468224.0,56.50206,37.97552,0.305953717735849,Yahoo EPS growth,0.620608899297424,57.805051222233494,-0.0292244049046137,,2.4402445102465626,24.951999999999998,194.5,28.927481700821872,1.4892267759851738,-13.265950726468734,-7.9203257675280465,38.365415387514815,34.66991525171017,True,PE:Yahoo | FwdPE:Yahoo | PEG:Yahoo(Yahoo EPS growth) | ROIC:Computed | IC:Yahoo | ET:Yahoo,0.971108,0.744327,0.672965,0.681928,12.506168928688833,0.41654322117129877,39.470728681204704,12,42.35357361852659
ADANIENT,ADANIENT.NS,Materials,3060.0,4.354298609664,4354298609664.0,53.18964,46.476307,,—,-0.6678316367268966,87.60053619302948,0.8388798477368289,,2.6254350522688417,9.395000000000001,119.56,22.493632543076206,1.5133635343097178,3.207531477911729,3.9543381737359606,56.1046474155088,34.95334381882324,True,PE:Yahoo | FwdPE:Yahoo | ROIC:Computed | IC:Yahoo | ET:Yahoo,3.292398,3.243931,2.481959,,,1.0801833006435555,46.080213784266085,17,41.683147848498706
ADANIGREEN,ADANIGREEN.NS,Utilities,1281.3,2.110526980096,2110526980096.0,123.43931,42.950077,0.22918707303142924,Yahoo EPS growth,0.9370091522157994,59.58453548759376,0.5842720707752771,,1.6100682593856654,66.78,346.548,43.166610320898776,1.4030705510229862,-2.8582222268290325,-13.571666183600339,48.7548714396276,36.78581496049878,True,PE:Yahoo | FwdPE:Yahoo | PEG:Yahoo(Yahoo EPS growth) | ROIC:Computed | IC:Yahoo | ET:Yahoo,0.4323,0.3328,0.2433,0.2824,15.249800171598093,0.5235644598185448,50.8041676419209,5,54.514779084245404
ADANIPORTS,ADANIPORTS.NS,Industrials,1764.6,4.065566130176,4065566130176.0,30.122908,22.573994,,—,0.012059973924380737,78.88499415790352,1.191649059237946,,6.694815494072832,44.629999999999995,64.051,63.265936904983256,0.8441651939289363,5.981980515671914,-2.227397614948523,27.347240780990557,25.309335683315577,True,PE:Yahoo | FwdPE:Yahoo | ROIC:Computed | IC:Yahoo | ET:Yahoo,1.08208,1.073758,0.970459,0.912614,5.841848095804725,1.0085566092622742,43.419914598980434,70,24.256679636725465
ADANIPOWER,ADANIPOWER.NS,Utilities,209.97,4.049207558144,4049207558144.0,28.41272,26.683187,0.5960400212987012,Yahoo EPS growth,0.22383720930232565,65.71317829457364,2.073330781674672,,7.7743321337526785,35.876998,82.332,66.71046432964847,1.2244445025112374,1.8777268328870278,-5.673856485403316,43.255775894341774,33.793323402238066,True,PE:Yahoo | FwdPE:Yahoo | PEG:Yahoo(Yahoo EPS growth) | ROIC:Computed | IC:Yahoo | ET:Yahoo,1.890189,1.422309,1.245144,1.410915,10.238880340185696,1.0044984915456519,62.80109863056366,2,67.38793640362924
ATGL,ATGL.NS,Energy,594.8,0.654166982656,654166982656.0,103.08492,,,—,-0.06999999999999999,33.2451832262939,0.42128790328909055,,10.151700861532996,11.602,58.65,46.41425397672526,0.20062379659085175,-9.926552618527074,-17.394625668129628,-2.072463259850854,39.14834377645487,True,PE:Yahoo | ROIC:Computed | IC:Yahoo | ET:Yahoo,0.175353,0.155722,0.150735,0.137858,8.349540929821742,0.16228107299051778,52.145998106929646,8,47.17012292900542
ABCAPITAL,ABCAPITAL.NS,Financials,395.0,1.08137807872,1081378078720.0,25.582903,15.570147,0.4043215591935485,Yahoo EPS growth,0.19254658385093162,76.66666666666667,6.262121192520385,,1.4526946601466488,17.869,495.936,7.263473300733245,0.8730029960401591,-3.8812536155847233,7.278649349392108,23.456785413218206,31.314942964463032,True,PE:Yahoo | FwdPE:Yahoo | PEG:Yahoo(Yahoo EPS growth) | ROIC:Computed | IC:Yahoo | ET:Yahoo,1.174854,1.307754,1.150049,0.907304,8.99594927065197,0.26826055055638265,30.2775784784129,80,34.23553941499763
ABFRL,ABFRL.NS,Industrials,50.44,0.061374242816,61374242816.0,,,,—,-0.008620689655172422,2.283205268935234,1.9506970537626858,,1.4003269882050684,-11.4930004,98.822,15.171012924069515,-0.11873785244707075,-11.087609670866193,-17.270792821336777,-14.912281266232409,32.21105583892148,True,ROIC:Computed | IC:Yahoo | ET:Yahoo,0.202556,0.199013,0.237366,0.183146,3.4147670673294606,0.015225283822370097,23.20630823625376,110,9.723210932762791
ABLBL,ABLBL.NS,Industrials,83.61,0.101555904512,101555904512.0,57.662067,26.970968,1.3485484000000008,Yahoo EPS growth,0.09999999999999995,1.4811555946619814,-33.606957008712094,,3.8901053671386236,5.0819997,213.719,17.202017640462078,-0.24950520746508895,-7.058691127996153,-16.538600058779007,-13.71999420229929,26.698052285081843,True,PE:Yahoo | FwdPE:Yahoo | PEG:Yahoo(Yahoo EPS growth) | ROIC:Computed | IC:Yahoo | ET:Yahoo,0.204574,0.217416,0.234317,0.184058,3.585407634007276,0.02519326347810557,50.09863469057652,51,34.98471102345255
ABREL,ABREL.NS,Real Estate,1281.6,0.141716553728,141716553728.0,,21.928476,,—,-0.25652173913043486,22.763217352010845,-1.0488857265467388,,4.596502732240437,-38.474998,152.371,15.32167577413479,0.6239865469876861,-8.049940401173238,-2.421971441312376,13.212884110765643,34.07577393228397,True,FwdPE:Yahoo | ROIC:Computed | IC:Yahoo | ET:Yahoo,0.018805,0.0082,0.008079,0.014421,9.251142410627944,0.03515603050787397,45.9,5,24.325985592702825
ABSLAMC,ABSLAMC.NS,Financials,1109.9,0.32115900416,321159004160.0,31.948761,25.454329,2.1817996285714263,Yahoo EPS growth,0.05833333333333339,77.75198297543045,6.306183297695775,,100.0,65.116,1.577,50.0,0.19021330047367785,6.8650154538950625,-0.731789493727053,13.754228812959756,36.21835771688341,True,PE:Yahoo | FwdPE:Yahoo | PEG:Yahoo(Yahoo EPS growth) | ROIC:Computed | IC:Yahoo | ET:Yahoo,0.046296,0.045823,0.047808,0.044739,1.1468585639721196,0.07967083203136488,69.62760797170138,7,78.7295033777793
CPPLUS,CPPLUS.NS,Industrials,3825.5,0.452558290944,452558290944.0,94.340324,50.736073,0.5430413302229845,Yahoo EPS growth,0.4671474358974359,90.63480990582491,0.5108263241275807,,20.24685769994081,13.607,9.604,48.67811321380998,2.9912799538729833,3.2746625567485976,13.335801235773936,136.33671075756945,44.48331491960079,True,PE:Yahoo | FwdPE:Yahoo | PEG:Yahoo(Yahoo EPS growth) | ROIC:Computed | IC:Yahoo | ET:Yahoo,0.1402419,0.1422029,0.113911,0.0919636,15.103167323976674,0.11226742864178951,45.77420635915589,64,31.964890694000758
AEGISLOG,AEGISLOG.NS,Energy,1353.6,0.475113586688,475113586688.0,38.022472,32.187725,0.18986307834101382,Yahoo EPS growth,0.84765625,84.35499620266897,3.692171173360899,,12.862048674840047,28.032,47.243,71.69916882458243,2.0073264394715475,8.54851448163092,38.055449314596416,126.08614185246556,58.55431635811952,True,PE:Yahoo | FwdPE:Yahoo | PEG:Yahoo(Yahoo EPS growth) | ROIC:Computed | IC:Yahoo | ET:Yahoo,0.235686,0.259439,0.17254,0.229401,0.905032433640307,0.11786278531982532,48.71709516301717,9,55.085515931427665
AEGISVOPAK,AEGISVOPAK.NS,Energy,295.1,0.326968311808,326968311808.0,106.5343,38.999985,1.7372720590909094,Yahoo EPS growth,0.11224489795918366,89.32177992051601,0.13451837609518066,,6.629701139422946,53.025999999999996,84.438,56.657426365575134,0.9066251384609555,8.692451603504825,24.710459218218617,53.163408312335704,49.05109600680465,True,PE:Yahoo | FwdPE:Yahoo | PEG:Yahoo(Yahoo EPS growth) | ROIC:Computed | IC:Yahoo | ET:Yahoo,0.0233774,0.02434517,0.01974892,0.0187629,7.604908200910221,0.08111196358255052,60.039747672159656,4,67.88829395198319
AFCONS,AFCONS.NS,Industrials,253.8,0.093343744,93343744000.0,64.910484,17.345284,,—,-0.35614035087719303,2.0833333333333384,2.4773566226597787,,2.8909404659188955,6.288,66.542,26.97389646420439,-0.051643548699725914,-6.553756499170937,-21.870128930675804,-8.351156504116553,34.80396003373708,True,PE:Yahoo | FwdPE:Yahoo | ROIC:Computed | IC:Yahoo | ET:Yahoo,0.2671,0.261384,0.297577,0.298839,-3.673553839001076,0.023156049349616726,37.078224398494775,89,20.713873323786423
AFFLE,AFFLE.NS,Information Technology,1567.6,0.220624715776,220624715776.0,46.296513,31.643225,1.477994111801241,Yahoo EPS growth,0.10704787234042562,33.843355446180176,2.67974682726396,,100.0,17.857,0.405,60.86072857166764,0.5301201128887624,-6.294461551281683,5.462859919144836,13.775578460695016,37.85942001447526,True,PE:Yahoo | FwdPE:Yahoo | PEG:Yahoo(Yahoo EPS growth) | ROIC:Computed | IC:Yahoo | ET:Yahoo,0.0747164,0.0724377,0.0717474,0.062074,6.373978395449664,0.05473100378590149,61.54241186331069,8,69.58739017199083
AJANTPHARM,AJANTPHARM.NS,Health Care,3533.4,0.441530187776,441530187776.0,38.909813,30.306757,0.9817275960063394,Yahoo EPS growth,0.1543542074363992,82.08853420639794,-24.65412467561663,,100.0,25.195997999999996,5.874,54.32999833333333,0.5540146282946585,-0.21463139385060614,16.74204896375422,14.305781898201175,26.20944023941719,True,PE:Yahoo | FwdPE:Yahoo | PEG:Yahoo(Yahoo EPS growth) | ROIC:Computed | IC:Yahoo | ET:Yahoo,0.162596,0.142164,0.137484,0.130265,7.669832605437965,0.1095316555706893,49.72382311179593,25,32.601245352549874
ALKEM,ALKEM.NS,Health Care,5087.5,0.608286932992,608286932992.0,28.168428,22.78218,,—,-0.16018127832473825,4.135977337110481,2.9492100046246277,,30.106665516944037,17.803,14.267,61.50173003292338,0.04454982336790038,-7.162408759124084,-4.450596431790277,-6.381237503249282,17.53477784690077,True,PE:Yahoo | FwdPE:Yahoo | ROIC:Computed | IC:Yahoo | ET:Yahoo,0.374015,0.360332,0.373682,0.400099,-2.222142219322887,0.15089947794562167,47.95682460260292,29,25.15417532048555
ABDL,ABDL.NS,Consumer Staples,632.5,0.176916660224,176916660224.0,79.962074,40.71889,,—,-0.06435643564356436,75.97087378640775,0.5827399999210094,,4.204446946493451,9.467,68.251,26.36098101888754,0.9854762794689089,0.7646945514771852,1.3063320758937236,37.61359095689099,37.391966882523384,True,PE:Yahoo | FwdPE:Yahoo | ROIC:Computed | IC:Yahoo | ET:Yahoo,0.09789358,0.10068872,0.10029786,0.09228561,1.9858863417412387,0.04388822152790785,41.151613878746666,18,26.27998039913686
ARE&M,ARE&M.NS,Consumer Discretionary,813.9,0.148964343808,148964343808.0,16.15522,13.9073105,1.31,Yahoo,0.07944444444444443,37.10197241201495,0.8711927002560432,,52.44444444444444,5.862,5.015,44.30043748676792,0.638372887024023,-14.21795585102198,-2.340463598968756,5.826231329836773,31.398869827164916,True,PE:Yahoo | FwdPE:Yahoo | PEG:Yahoo(Yahoo) | ROIC:Computed | IC:Yahoo | ET:Yahoo,0.421454,0.353575,0.341015,0.340108,7.409932630528671,0.03695401050713501,50.37422211929436,24,35.78914463597512
AMBER,AMBER.NS,Consumer Discretionary,7245.0,0.255514984448,255514984448.0,277.79907,38.084766,,—,-0.3965742251223491,51.616062683643484,1.3598330685463593,,3.8777769876525348,5.242999999999999,46.566,25.629336533276387,0.021042719950848807,3.7222619899785148,-4.921259842519687,4.552998051807489,39.478549530164905,True,PE:Yahoo | FwdPE:Yahoo | ROIC:Computed | IC:Yahoo | ET:Yahoo,0.38877245,0.41475199,0.29428166,0.34491322,4.070717075235297,0.06338633245142211,54.59757974463201,14,31.031755466157733
AMBUJACEM,AMBUJACEM.NS,Materials,391.85,0.973675626496,973675626496.0,21.977005,27.003393,5.15,Yahoo,-0.09306954570947838,1.9704433497537162,0.9434285891527647,,32.92102321005322,7.947,1.205,46.405612046756744,-0.034336490718113795,-6.5689051487608285,-8.02722278355562,-7.419863181903985,24.782906329278536,True,PE:Yahoo | FwdPE:Yahoo | PEG:Yahoo(Yahoo) | ROIC:Computed | IC:Yahoo | ET:Yahoo,0.9474,1.089168,1.018052,,,0.2415424954205861,77.36854171349529,1,87.48235137766208
ANANDRATHI,ANANDRATHI.NS,Financials,2211.0,0.367117238272,367117238272.0,79.99277,65.69604,1.0246090092489364,Yahoo EPS growth,0.3205907785651661,95.11735005271042,18.453328222809475,,33.06206988243189,48.529997,8.25,50.0,2.2459675649770237,1.005025125628145,24.101932549299686,44.08230787367826,19.179832968109135,True,PE:Yahoo | FwdPE:Yahoo | PEG:Yahoo(Yahoo EPS growth) | ROIC:Computed | IC:Yahoo | ET:Yahoo,0.0321985,0.02878182,0.02896239,,,0.09107182251572675,58.665694512671706,20,66.3346211200065
ANANTRAJ,ANANTRAJ.NS,Real Estate,598.35,0.215332356096,215332356096.0,36.75368,20.496119,,—,0.017412935323383158,57.34624981652724,1.1385631178925915,,58.32408749665935,26.478,11.703,62.776871438997496,0.9876746412671585,-4.576989516903884,10.843925752380311,33.18514101671368,38.2333705411023,True,PE:Yahoo | FwdPE:Yahoo | ROIC:Computed | IC:Yahoo | ET:Yahoo,0.06314,0.064681,0.064159,0.063079,0.03222432578378065,0.05341811299457003,42.76319781232339,7,30.218066343659544
ANGELONE,ANGELONE.NS,Financials,305.0,0.278674669568,278674669568.0,27.551943,17.266348,2.0092531329353225,Yahoo EPS growth,0.04296707994869604,63.47648531155316,0.08883872593231668,,4.409129237866124,24.655001000000002,129.314,22.04564618933062,1.1404671955894867,4.810996563573888,-13.15831135986092,44.635489402962406,34.919454933382774,True,PE:Yahoo | FwdPE:Yahoo | PEG:Yahoo(Yahoo EPS growth) | ROIC:Computed | IC:Yahoo | ET:Yahoo,0.1424388,0.1454965,0.1330446,,,0.06913162172930136,52.4153842011505,31,59.26725458081597
ANTHEM,ANTHEM.NS,Health Care,940.9,0.528516579328,528516579328.0,92.60827,62.2479,,—,-0.15533980582524273,90.80070281124499,4.114645123100023,,100.0,28.832,1.772,73.2026916988015,1.5156875255735642,7.5437190716963975,22.569102471902426,47.387423012361516,26.287544938121414,True,PE:Yahoo | FwdPE:Yahoo | ROIC:Computed | IC:Yahoo | ET:Yahoo,0.0418218,0.0610943,0.0423153,0.0550027,-8.727578936146173,0.13111061832927756,61.451011501826926,5,32.23210731208903
ANURAS,ANURAS.NS,Chemicals,1219.4,0.138828496896,138828496896.0,79.38802,32.56075,3.480631896551724,Yahoo EPS growth,0.0467741935483871,47.10654407787995,0.41412007882447155,,3.7766073707440544,16.231,41.317,29.47803433792086,-0.29334273908922326,0.960421851049964,-3.32963367584439,-3.764497836867009,16.10716427680127,True,PE:Yahoo | FwdPE:Yahoo | PEG:Yahoo(Yahoo EPS growth) | ROIC:Computed | IC:Yahoo | ET:Yahoo,0.065498,0.0635783,0.0512447,0.0485827,10.471130212518798,0.03443958199552065,68.04774687829894,4,60.83347133682246
APARINDS,APARINDS.NS,Industrials,17500.0,0.73276588032,732765880320.0,59.52381,46.53513,0.5981390923998429,Yahoo EPS growth,0.3889992360580596,91.72668038408779,1.2327563659992096,,4.440026537942394,10.8009994,17.716,31.597852507880106,1.926105197693578,-2.440235389064205,9.850850498141739,85.71020109658143,45.7661588739814,True,PE:Yahoo | FwdPE:Yahoo | PEG:Yahoo(Yahoo EPS growth) | ROIC:Computed | IC:Yahoo | ET:Yahoo,0.656662,0.657119,0.546104,0.50842,8.902977255714205,0.18177932616893172,41.353228086971036,77,28.87764793282343
APOLLOHOSP,APOLLOHOSP.NS,Health Care,8836.0,1.270481158144,1270481158144.0,60.975777,40.553112,1.186247493877551,Yahoo EPS growth,0.17093023255813952,90.90715954960696,0.8233225457736881,,10.769727604605448,12.167,85.146,49.30304406423983,0.7824728270396436,2.899685343904057,4.4610727665282734,16.790368322050007,17.752288000465203,True,PE:Yahoo | FwdPE:Yahoo | PEG:Yahoo(Yahoo EPS growth) | ROIC:Computed | IC:Yahoo | ET:Yahoo,0.70435,0.66055,0.64774,0.58421,6.4322338571360715,0.3151718919239052,56.30396283992635,10,36.9154902417356
APOLLOTYRE,APOLLOTYRE.NS,Consumer Discretionary,417.65,0.264197586944,264197586944.0,15.479985,12.454913,0.3495965235172416,Yahoo EPS growth,0.17813267813267802,29.880136986301352,0.877255802199244,,11.071008600388538,6.451,21.987,44.82267256410456,0.38641246383789263,-5.732986027832476,0.8616782953217772,4.930924745534626,27.59722258296724,True,PE:Yahoo | FwdPE:Yahoo | PEG:Yahoo(Yahoo EPS growth) | ROIC:Computed | IC:Yahoo | ET:Yahoo,0.739779,0.7335674,0.7743077,0.683109,2.6921698762231383,0.06554025046740057,37.654307331685914,42,26.752084589411478
APTUS,APTUS.NS,Financials,249.11,0.124758704128,124758704128.0,12.677354,9.53087,0.5102502353658535,Yahoo EPS growth,0.0933940774487472,38.53765805387576,,,,78.45099599999999,156.2,0.0,0.42778733989051526,-2.213934991029809,-8.650535585150754,10.649476502137745,30.069640435034195,True,PE:Yahoo | FwdPE:Yahoo | PEG:Yahoo(Yahoo EPS growth) | ET:Yahoo,0.04409789,0.04326067,0.04060422,0.03697099,6.052011412027936,0.030949248292228344,29.95675240200858,82,33.872774149871496
ASAHIINDIA,ASAHIINDIA.NS,Consumer Discretionary,985.8,0.251307229184,251307229184.0,56.818443,42.49138,0.2772742593220339,Yahoo EPS growth,0.7662337662337662,70.49180327868851,0.43685410882454334,,4.875287958115183,17.254,55.868,34.147614176811835,0.15943808662937065,10.804682249651009,10.637152460488352,15.37301915153828,28.652732847370498,True,PE:Yahoo | FwdPE:Yahoo | PEG:Yahoo(Yahoo EPS growth) | ROIC:Computed | IC:Yahoo | ET:Yahoo,0.139207,0.132547,0.122036,0.121858,4.536753724237519,0.06234250257735692,48.66562054833641,28,34.575242243528116
ASHOKLEY,ASHOKLEY.NS,Industrials,163.75,0.96184369152,961843691520.0,27.613829,19.986353,,—,-0.09302325581395349,37.1640520491305,0.6717480989305371,,2.681194137714814,19.645001,344.737,30.296225609298414,0.1309265487060433,-7.081652403166261,3.312302839116721,-2.406436443350324,35.70869320257381,True,PE:Yahoo | FwdPE:Yahoo | ROIC:Computed | IC:Yahoo | ET:Yahoo,1.302001,1.71389,1.476195,1.251845,1.3180726181787117,0.23860731349553158,36.88256288653699,90,20.604566369670284
ASIANPAINT,ASIANPAINT.NS,Consumer Discretionary,2472.5,2.370248114176,2370248114176.0,49.74849,40.809208,0.7437460227768012,Yahoo EPS growth,0.27434908389585344,41.058918111864024,2.3002867533003633,,37.45545263804309,17.687,17.847,59.662616566511865,1.2737145820044646,-10.270368354200688,-9.248159331878004,13.526555155948007,18.683089482024382,True,PE:Yahoo | FwdPE:Yahoo | PEG:Yahoo(Yahoo EPS growth) | ROIC:Computed | IC:Yahoo | ET:Yahoo,1.052144,0.922846,0.884972,0.85137,7.312986175343195,0.587994223830313,52.30995588510218,20,37.164416606571
ASTERDM,ASTERDM.NS,Health Care,763.05,0.665129648128,665129648128.0,123.47088,38.07093,,—,-0.40718562874251496,65.54271896829661,1.4256094611343681,,8.047080826150594,14.879999999999999,45.921,47.82471048689675,0.7906726925121916,-7.838640432054744,-3.0062316063417915,12.037471015624002,25.13822930260396,True,PE:Yahoo | FwdPE:Yahoo | ROIC:Computed | IC:Yahoo | ET:Yahoo,0.131068,0.118238,0.118576,0.107787,6.735796669716931,0.16500061274535094,51.597903131923275,19,27.06398332885834
ASTRAL,ASTRAL.NS,Industrials,1411.4,0.379172880384,379172880384.0,65.79953,41.91251,0.8729364151724138,Yahoo EPS growth,0.24006622516556286,21.833296871581744,1.0386642698272448,,38.99626865671642,9.873,6.168,48.47500027002599,-0.41309081882887255,-3.441266283372113,-8.491721770311965,-16.649769092924693,31.9748157245401,True,PE:Yahoo | FwdPE:Yahoo | PEG:Yahoo(Yahoo EPS growth) | ROIC:Computed | IC:Yahoo | ET:Yahoo,0.1578,0.20885,0.15415,0.13612,5.049749101341794,0.09406250010936162,61.6177297754811,20,43.02868697780849
ATHERENERG,ATHERENERG.NS,Consumer Discretionary,1656.0,0.65597341696,655973416960.0,,400.36942,5.998043745318352,Yahoo EPS growth,0.33375,92.72426622571311,3.977874562787408,,,-5.935999799999999,25.819,15.579586350006496,2.5263962628306644,8.483458892892237,65.9235529536937,134.89361702127658,50.03576041818155,True,FwdPE:Yahoo | PEG:Yahoo(Yahoo EPS growth) | ROIC:Computed | ET:Yahoo,0.121692,0.117466,0.09536,0.08989,10.624218614597215,0.1627292003110832,47.082534152018646,30,26.760411237388453
ATUL,ATUL.NS,Chemicals,6244.5,0.18384904192,183849041920.0,23.094418,20.133944,0.21889107454909823,Yahoo EPS growth,0.4599078341013824,42.23525779561593,2.224537332349419,,71.59369202226345,17.07,2.907,58.92305707283355,0.37808211754936594,-9.454070905531786,-4.471133088822987,-0.4317128387894775,23.863487977751987,True,PE:Yahoo | FwdPE:Yahoo | PEG:Yahoo(Yahoo EPS growth) | ROIC:Computed | IC:Yahoo | ET:Yahoo,0.184795,0.167,0.157362,0.1478,7.73047980522108,0.045607957267915826,44.93974826916241,16,40.175332962978025
AUROPHARMA,AUROPHARMA.NS,Health Care,1679.8,0.966519881728,966519881728.0,26.246876,18.06618,0.7009282950819671,Yahoo EPS growth,0.12887323943661974,94.27868348200553,1.045062461991709,,21.01913087905538,15.237,21.31,52.97541689550771,1.0593483491992217,0.7678493598155312,19.278562137800147,28.043297322018024,25.747383268988372,True,PE:Yahoo | FwdPE:Yahoo | PEG:Yahoo(Yahoo EPS growth) | ROIC:Computed | IC:Yahoo | ET:Yahoo,0.910582,0.87515,0.860451,0.779177,5.332157268227,0.23976734936493752,34.599929148849476,44,22.685318802344653
AIIL,AIIL.NS,Financials,544.35,0.46227587072,462275870720.0,28.410751,,0.6395604036771297,Yahoo EPS growth,0.22211155378486064,51.007067137809194,0.268854740199038,,12.706881193630998,92.406,24.59,50.0,0.4231034456281683,-6.000690979971068,-1.3233116115382693,14.648270762655379,48.80357736621498,True,PE:Yahoo | PEG:Yahoo(Yahoo EPS growth) | ROIC:Computed | IC:Yahoo | ET:Yahoo,0.146954,0.031071,0.047804,0.060491,34.430211707828406,0.11467809642957286,55.30439992274115,27,62.533929677623426
DMART,DMART.NS,Industrials,3688.0,2.40548315136,2405483151360.0,78.702515,53.51984,4.8167856000000056,Yahoo EPS growth,0.05555555555555549,12.335143522110164,0.22384177937392014,,37.09205050433801,6.447,9.913,40.66657555016953,0.2504478312467394,-9.385749385749387,-12.217642837933107,-3.8155607794136626,22.240913720861947,True,PE:Yahoo | FwdPE:Yahoo | PEG:Yahoo(Yahoo EPS growth) | ROIC:Computed | IC:Yahoo | ET:Yahoo,1.879453,1.768386,1.810088,1.63597,4.733442359346518,0.5967350802059507,69.934645140808,5,48.83652750000147
AXISBANK,AXISBANK.NS,Financials,1246.0,3.879329071104,3879329071104.0,14.025214,9.849802,0.54,Yahoo,0.10918114143920601,45.86867734841345,1.5350000000000001,13.352998999999999,,49.181998,,38.788130987179954,-0.01385302129850568,1.300813008130075,-8.8678731153926,1.0093881080007083,21.036919950509468,True,PE:Yahoo | FwdPE:Yahoo | PEG:Yahoo(Yahoo) | ROIC:ROA-proxy | ET:Yahoo,2.299812,2.206298,2.211329,2.216231,1.2416241073970546,0.9623562497545315,43.39477299864117,52,49.067446475585186
BEML,BEML.NS,Industrials,2023.4,0.16852697088,168526970880.0,94.06788,27.96683,1.06,Yahoo,0.3948051948051948,72.59299484116211,0.3796584535037964,,7.173129169876032,-2.6149999999999998,10.529,27.03445668041789,0.8265581844777798,5.90390716369249,13.56570016647385,32.823044391652225,32.56774626817986,True,PE:Yahoo | FwdPE:Yahoo | PEG:Yahoo(Yahoo) | ROIC:Computed | IC:Yahoo | ET:Yahoo,0.081962,0.179417,0.108327,0.063399,8.937326604166396,0.04180696731468904,39.92447625894286,83,27.879926734700692
BLS,BLS.NS,Industrials,231.58,0.09530032128,95300321280.0,13.550614,10.771163,1.2745876216666654,Yahoo EPS growth,0.042253521126760604,8.276762402088776,3.456346670840152,,38.49397491774191,24.783,15.468,68.49112227082641,0.24777091385633912,-14.441943938173353,-12.346710396975691,-6.223930069701067,33.16779092657018,True,PE:Yahoo | FwdPE:Yahoo | PEG:Yahoo(Yahoo EPS growth) | ROIC:Computed | IC:Yahoo | ET:Yahoo,0.08905266,0.08145642,0.07364573,0.07366283,6.528586753921473,0.023641423067345672,55.508084770885404,34,38.76222011175902
BSE,BSE.NS,Financials,3384.0,1.374340775936,1374340775936.0,49.257645,37.798206,0.6691170670496086,Yahoo EPS growth,0.28244837758112085,56.17861707829959,0.013831321466839058,,100.0,80.109,0.0,50.0,0.729402452587406,-4.054437198752481,-17.767448262278197,19.024594993825026,31.641012599710027,True,PE:Yahoo | FwdPE:Yahoo | PEG:Yahoo(Yahoo EPS growth) | ROIC:Computed | IC:Yahoo | ET:Yahoo,0.156602,0.156351,0.12441,0.106839,13.594114368448551,0.34093664413937114,55.81098913922174,25,63.10674150603299
BAJAJ-AUTO,BAJAJ-AUTO.NS,Consumer Discretionary,11678.0,3.206518669312,3206518669312.0,27.777645,24.520351,1.31,Yahoo,0.2598684210526316,80.09299987432449,3.0259166001008757,,13.608196300102774,21.514,56.352,64.78096196144612,1.5057685535665473,0.14578509561786746,17.496730053325283,33.43490431747724,22.107726411878588,True,PE:Yahoo | FwdPE:Yahoo | PEG:Yahoo(Yahoo) | ROIC:Computed | IC:Yahoo | ET:Yahoo,2.087023,1.710796,1.537824,1.525364,11.015745821529578,0.7954502504962306,50.31267553284916,25,35.745417912435414
BAJFINANCE,BAJFINANCE.NS,Financials,1034.5,6.435534536704,6435534536704.0,31.772112,20.47806,0.908207745762712,Yahoo EPS growth,0.11273885350318469,63.47490347490346,,,,61.55199999999999,314.833,0.0,0.9240223138605875,-5.161353713598526,8.462386902947273,21.73081171551963,29.103372316586206,True,PE:Yahoo | FwdPE:Yahoo | PEG:Yahoo(Yahoo EPS growth) | ET:Yahoo,1.417089,1.316266,1.286654,1.233376,4.737099926375277,1.5964814452169462,42.76693993948632,55,48.357541505540794
BAJAJFINSV,BAJAJFINSV.NS,Financials,1913.5,3.062068412416,3062068412416.0,30.30087,20.15821,0.5167832018181816,Yahoo EPS growth,0.19503546099290786,52.92642140468228,9.580207429557387,,1.9522300754681425,40.222,256.404,9.761150377340714,0.6622373697240724,-5.506172839506174,7.152282108805341,10.191762614286382,23.70439387969491,True,PE:Yahoo | FwdPE:Yahoo | PEG:Yahoo(Yahoo EPS growth) | ROIC:Computed | IC:Yahoo | ET:Yahoo,3.685928,3.348255,3.261945,3.156428,5.305321917186978,0.7596160624305731,38.23843540379583,60,43.23705950817223
BAJAJHLDNG,BAJAJHLDNG.NS,Financials,11134.0,1.239141974016,1239141974016.0,13.986032,,0.19008955017462162,Yahoo EPS growth,0.367880085653105,48.1103552532124,,11.598,,84.845,0.012,36.8891600395405,0.8731446349273999,-3.182608695652178,7.725056396083563,18.581422373907053,24.926031952734682,True,PE:Yahoo | PEG:Yahoo(Yahoo EPS growth) | ET:Yahoo,0.277801,0.233811,0.213303,0.202707,11.07637196498603,0.3073974909501807,29.65921886913,83,33.53634628793364
BAJAJHFL,BAJAJHFL.NS,Financials,84.11,0.700523741184,700523741184.0,26.040247,19.212187,0.8405331812499999,Yahoo EPS growth,0.11428571428571431,25.839909808342714,0.0018163051915850077,12.679000000000002,100.0,80.913,460.74,88.08782115860419,0.1462990804483074,-0.3081689318079395,-2.083819422270994,2.3858783299659736,18.414656151757665,True,PE:Yahoo | FwdPE:Yahoo | PEG:Yahoo(Yahoo EPS growth) | ROIC:Computed | IC:Yahoo | ET:Yahoo,0.302982,0.288366,0.286459,0.256885,5.655642200463329,0.17378092656573577,68.55563513661438,9,77.51739956724528
BALKRISIND,BALKRISIND.NS,Consumer Discretionary,2164.6,0.41845440512,418454405120.0,29.762135,21.472902,0.3806908071581451,Yahoo EPS growth,0.28202548625083834,24.173913043478247,1.4060702249846824,,22.027042200804715,16.359,35.269,55.48843162589025,0.34599730788498195,-13.308495241462504,-0.9290511284288261,-0.15947544492546095,38.00324307987998,True,PE:Yahoo | FwdPE:Yahoo | PEG:Yahoo(Yahoo EPS growth) | ROIC:Computed | IC:Yahoo | ET:Yahoo,0.345527,0.293282,0.273679,0.276002,7.776295885894102,0.10380718021684698,44.18202097913988,37,31.389799635764064
BALRAMCHIN,BALRAMCHIN.NS,Consumer Staples,691.4,0.146298519552,146298519552.0,38.030804,18.511381,,—,-0.09550561797752805,76.88435725348477,0.42266120334088914,,10.449735752853726,4.2529996,76.606,40.299461597710064,0.6135053836110479,11.57911678739081,23.67409704158807,42.263379509066354,50.014659270095095,True,PE:Yahoo | FwdPE:Yahoo | ROIC:Computed | IC:Yahoo | ET:Yahoo,0.1636793,0.16039906,0.1454118,0.16707634,-0.6823880251420555,0.036292691865048604,36.980746435112266,23,23.616407714258028
BANDHANBNK,BANDHANBNK.NS,Financials,176.52,0.284399730688,284399730688.0,21.06444,8.6442585,0.24960296418750003,Yahoo EPS growth,0.17316017316017313,48.861403305976204,,,,23.771,,0.0,0.0054170613231479285,1.22233307357833,-17.850849962530734,1.453038127977968,42.58859935991498,True,PE:Yahoo | FwdPE:Yahoo | PEG:Yahoo(Yahoo EPS growth) | ET:Yahoo,0.35244137,0.35662861,0.33793076,0.34831185,0.393642176574982,0.07055185400351024,24.271396071646002,90,27.44421379207378
BANKBARODA,BANKBARODA.NS,Financials,238.13,1.231456567296,1231456567296.0,6.7804675,5.5477033,,—,-0.2429210134128167,4.46145434663749,0.9299999999999999,11.3170005,,45.536998000000004,,36.56071372767557,-0.3460217731587446,-3.9798367408014124,-13.517341708977693,-12.530832063283249,24.71230421259905,True,PE:Yahoo | FwdPE:Yahoo | ROIC:ROA-proxy | ET:Yahoo,2.001558,1.921196,1.941318,1.809762,3.4146908788284414,0.3054909501403306,34.544508780606755,67,31.248202831633765
BANKINDIA,BANKINDIA.NS,Financials,140.0,0.637373448192,637373448192.0,5.183265,5.377583,0.06692843238390091,Yahoo EPS growth,0.4017412935323384,38.48620910840281,,13.697000000000001,,48.535000000000004,,39.132984942608466,-0.013779513386417303,-3.3616313117482255,-3.8923582345139818,-3.7461822545241996,27.907439979341536,True,PE:Yahoo | FwdPE:Yahoo | PEG:Yahoo(Yahoo EPS growth) | ET:Yahoo,0.955644,1.00683,0.887497,0.835679,4.5728352043229,0.15811505290027075,22.907393060218677,92,25.901904888698642
MAHABANK,MAHABANK.NS,Financials,84.2,0.647628914688,647628914688.0,8.600613,6.7359996,0.19705312262686567,Yahoo EPS growth,0.17091836734693877,74.66174661746618,1.9,22.961001,,57.523,,46.24984545937008,0.9786870438762705,3.1230806793739685,-4.524328589076787,33.380967111120356,30.916815156665862,True,PE:Yahoo | FwdPE:Yahoo | PEG:Yahoo(Yahoo EPS growth) | ROIC:ROA-proxy | ET:Yahoo,0.479924,0.464118,0.435564,0.411727,5.241664177515926,0.16065915578395965,25.873077798544163,88,29.255271368246817
BATAINDIA,BATAINDIA.NS,Consumer Discretionary,648.65,0.083369385984,83369385984.0,57.14978,30.791485,1.3409195080645153,Yahoo EPS growth,0.1148148148148149,6.442804428044277,1.890199061545915,,5.746933711713184,10.557,86.9,38.25611357433975,0.13701809305864113,-7.7960552001291035,0.11931435087386699,-2.822429142549021,36.299045962137754,True,PE:Yahoo | FwdPE:Yahoo | PEG:Yahoo(Yahoo EPS growth) | ROIC:Computed | IC:Yahoo | ET:Yahoo,0.0978947,0.0827626,0.0944681,0.0941854,1.2958992972961214,0.02068168184996682,62.25520328556367,6,44.23017132557723
BAYERCROP,BAYERCROP.NS,Chemicals,3974.1,0.178604376064,178604376064.0,24.38996,21.181711,0.19152595523682803,Yahoo EPS growth,0.5529723366686288,3.040194572452637,8.03496810226568,,47.22222222222222,17.302,2.758,69.11752373509105,-0.39183209365120364,-3.414669631686229,-6.09070584993725,-10.495741184735174,18.071698739798194,True,PE:Yahoo | FwdPE:Yahoo | PEG:Yahoo(Yahoo EPS growth) | ROIC:Computed | IC:Yahoo | ET:Yahoo,0.1835,0.11008,0.11062,0.15534,5.710369109156388,0.04430689801981254,54.64722222222222,10,48.85364143853378
BELRISE,BELRISE.NS,Consumer Discretionary,228.0,0.220510633984,220510633984.0,40.0,24.896048,,—,-0.07975460122699381,67.9961786481968,1.2205475309617424,,5.774560534671246,7.637,29.1,33.356409543689814,1.1433464159625049,-10.384403096882878,-3.971693958925493,29.01765415633628,34.46204641315928,True,PE:Yahoo | FwdPE:Yahoo | ROIC:Computed | IC:Yahoo | ET:Yahoo,0.2546468,0.255283,0.2340524,0.2353541,2.6609987153553005,0.054702703189715374,35.91190094975311,44,20.411332037244453
BERGEPAINT,BERGEPAINT.NS,Consumer Discretionary,458.05,0.534087565312,534087565312.0,43.874523,35.343227,1.2393079597402599,Yahoo EPS growth,0.14259259259259258,32.90734824281151,1.2302903549018034,,33.98697238144867,14.074,9.165,52.84787099439776,0.7973971910750766,-18.17613473004045,-11.145889893088889,9.181041550006896,34.30809211048702,True,PE:Yahoo | FwdPE:Yahoo | PEG:Yahoo(Yahoo EPS growth) | ROIC:Computed | IC:Yahoo | ET:Yahoo,0.358375,0.286803,0.298397,0.320076,3.8392473602090194,0.13249262874415363,58.46735687028527,11,41.539037298847816
BDL,BDL.NS,Industrials,1190.0,0.436209385472,436209385472.0,84.03955,38.866203,,—,-0.2249575551782682,18.30985915492958,9.557379416130862,,100.0,10.9799996,0.007,65.36077299212235,-0.01948152006320757,-11.194029850746269,-1.6284989639613556,-11.812659072929643,31.754669049244555,True,PE:Yahoo | FwdPE:Yahoo | ROIC:Computed | IC:Yahoo | ET:Yahoo,0.05657395,0.04886234,0.05485626,0.1147081,-20.991441418288115,0.1082117089363334,60.51273212294763,21,33.80563897018337
BEL,BEL.NS,Industrials,404.35,2.955709251584,2955709251584.0,48.07967,35.83078,4.332267036363641,Yahoo EPS growth,0.041353383458646566,25.69892473118283,1.967454424398209,,100.0,22.134999999999998,0.273,62.337393633022316,-0.3122468096826573,-1.4981714729560003,-0.6504858511154343,-7.851856828335224,20.348279496711598,True,PE:Yahoo | FwdPE:Yahoo | PEG:Yahoo(Yahoo EPS growth) | ROIC:Computed | IC:Yahoo | ET:Yahoo,0.554698,1.022443,0.715385,0.443974,7.704294616673302,0.733231241429504,76.64524813915892,2,53.52265334236063
BHARATFORG,BHARATFORG.NS,Consumer Discretionary,1944.9,0.9298345984,929834598400.0,131.59,40.36444,,—,-0.6501597444089458,68.62903225806453,0.7073286292002411,,9.774456748515487,9.616,76.475,45.78736152705733,0.8779648643506468,-6.853447106606203,-3.0561672450801214,16.458772372687758,26.552565399682543,True,PE:Yahoo | FwdPE:Yahoo | ROIC:Computed | IC:Yahoo | ET:Yahoo,0.4639941,0.4528043,0.4342934,0.4031927,4.793239482630707,0.23066672628356807,52.13110053259749,21,29.629876845746146
BHEL,BHEL.NS,Industrials,431.0,1.500769288192,1500769288192.0,61.747852,31.269657,0.17139435426778243,Yahoo EPS growth,0.9122137404580153,92.89642529789184,1.9011453212273937,,3.9360221243036535,5.4819997,31.312,28.027268858880138,1.9730839850167654,2.6190476190476097,12.54303037257596,67.26897518171822,32.765927884271626,True,PE:Yahoo | FwdPE:Yahoo | PEG:Yahoo(Yahoo EPS growth) | ROIC:Computed | IC:Yahoo | ET:Yahoo,0.769772,1.231037,0.84731,0.548691,11.946733138046884,0.37230012650620825,26.997842231110436,106,18.853042893199312
BPCL,BPCL.NS,Energy,304.5,1.301002059776,1301002059776.0,7.5935163,7.6750865,0.28,Yahoo,-0.6367895065584009,30.30787684926029,1.602618171019194,,16.437985836962273,-4.048,54.332,42.61814687756649,-0.04873044113384888,-3.3333333333333326,-2.4351188577019456,-4.635135721509931,26.714356732394677,True,PE:Yahoo | FwdPE:Yahoo | PEG:Yahoo(Yahoo) | ROIC:Computed | IC:Yahoo | ET:Yahoo,15.127703,11.870088,11.902943,11.255145,10.358883573431932,0.3227432992202034,53.983944217670654,6,61.04086069362491
BHARTIARTL,BHARTIARTL.NS,Communication Services,1831.1,11.4236063744,11423606374400.0,38.315544,22.273615,0.7324592624999998,Yahoo EPS growth,0.15204678362573104,20.875576036866338,0.6383833172458063,20.151,6.650549807763443,32.573003,100.415,54.105056538868645,0.37314380368136973,-5.569594211735563,0.061783287680716725,2.8138424585444355,22.46703975135194,True,PE:Yahoo | FwdPE:Yahoo | PEG:Yahoo(Yahoo EPS growth) | ROIC:Computed | IC:Yahoo | ET:Yahoo,5.85391,5.53832,5.39816,4.94626,5.776623543948323,2.8338866818562862,51.52730968075899,5,35.97481977716193
BHARTIHEXA,BHARTIHEXA.NS,Communication Services,1545.0,0.77250002944,772500029440.0,42.375206,24.273012,1.0442729887912086,Yahoo EPS growth,0.1162196679438059,21.879756468797567,1.299290433294126,,9.870623145400593,31.945,85.654,67.6048719529201,0.26521570262154764,-1.3094857872884114,6.664760911431933,6.078014859055214,27.85468798913953,True,PE:Yahoo | FwdPE:Yahoo | PEG:Yahoo(Yahoo EPS growth) | ROIC:Computed | IC:Yahoo | ET:Yahoo,0.25099,0.24137,0.23598,0.2263,3.511981332802927,0.19163629010095218,70.0004583362953,1,48.87221724885254
BIKAJI,BIKAJI.NS,Consumer Staples,548.25,0.137466232832,137466232832.0,53.176525,39.262684,,—,-0.12264150943396229,0.374015748031514,2.1514557486686297,,44.15705945155674,9.911,17.531,52.734693415066424,-0.06259821390075121,-10.063972776076458,-16.7125128894692,-11.385285613237562,21.107836067911315,True,PE:Yahoo | FwdPE:Yahoo | ROIC:Computed | IC:Yahoo | ET:Yahoo,0.07203282,0.07069943,0.07757849,0.0814907,-4.028829950353819,0.03410164125582637,57.10615210476771,9,36.46876553627721
GROWW,GROWW.NS,Financials,200.24,1.239801397248,1239801397248.0,50.822334,31.505777,0.3345481305662325,Yahoo EPS growth,0.47087061802849633,76.59722222222224,1.4013810257172885,,68.74692123885673,64.422995,3.028,50.0,0.8230968137729787,1.136420999835619,0.2804551471975003,28.49900734151123,33.24346040929103,True,PE:Yahoo | FwdPE:Yahoo | PEG:Yahoo(Yahoo EPS growth) | ROIC:Computed | IC:Yahoo | ET:Yahoo,0.150142,0.1505367,0.1216072,0.09044,18.407864237667294,0.30756107595596827,45.52836004413471,48,51.479941366595085
BIOCON,BIOCON.NS,Health Care,390.65,0.636092940288,636092940288.0,113.56104,35.496628,1.1156083085714288,Yahoo EPS growth,0.15909090909090906,48.68301544050861,0.5867449953266758,,3.7859660033167497,6.914,42.145,22.863076014365305,0.37500955336662406,-6.988096691313239,-6.083044862873144,1.972930468310996,23.895463673330966,True,PE:Yahoo | FwdPE:Yahoo | PEG:Yahoo(Yahoo EPS growth) | ROIC:Computed | IC:Yahoo | ET:Yahoo,0.42918,0.44843,0.4173,0.42625,0.22860699992877098,0.15779739364484602,44.57039976214683,35,29.2224219131347
BSOFT,BSOFT.NS,Information Technology,281.65,0.078762590208,78762590208.0,13.79285,11.621223,0.23181601900523566,Yahoo EPS growth,0.2506561679790026,5.6182531894013685,1.4877097478298682,,45.81573308846036,14.749,3.422,54.47066155207867,-0.28079943556855647,-10.173814427812179,-11.855208123018102,-20.641541508790684,37.27830527787096,True,PE:Yahoo | FwdPE:Yahoo | PEG:Yahoo(Yahoo EPS growth) | ROIC:Computed | IC:Yahoo | ET:Yahoo,0.1379396,0.1348625,0.1347532,0.1284898,2.3937471206734617,0.01953886085563578,34.83076787620132,23,39.383933141499696
BLUEDART,BLUEDART.NS,Industrials,4830.9,0.114627272704,114627272704.0,40.000828,26.202675,0.3227115807899461,Yahoo EPS growth,0.4059766763848397,8.407061266874335,1.3468192800094811,,11.310952825782344,13.491,,52.85640110761022,-0.14378856094662407,-5.146281124214614,-1.4986542994765872,-8.91109828709814,26.18300884366642,True,PE:Yahoo | FwdPE:Yahoo | PEG:Yahoo(Yahoo EPS growth) | ROIC:Computed | IC:Yahoo | ET:Yahoo,0.165772,0.153347,0.161616,0.144192,4.758676697817998,0.028435915143341563,45.75626698666761,65,31.952363331402545
BLUEJET,BLUEJET.NS,Health Care,568.55,0.098623766528,98623766528.0,42.021435,29.1645,,—,-0.07129277566539924,61.502525252525245,3.2935218676156723,,54.94309073420968,31.172,3.102,73.45397955439209,1.489965290943924,-4.18123301849509,11.625862849635826,58.96717921456916,42.38247200581325,True,PE:Yahoo | FwdPE:Yahoo | ROIC:Computed | IC:Yahoo | ET:Yahoo,0.0293113,0.0234668,0.0192414,0.0354758,-6.16440167320852,0.024465879628392088,47.45778597795261,31,24.892421020442367
BLUESTARCO,BLUESTARCO.NS,Consumer Discretionary,1558.0,0.320313851904,320313851904.0,62.898666,40.369522,,—,-0.07568027210884351,20.92907092907093,1.4116192957260225,,15.62383288495015,3.5029999999999997,23.588,44.79745931789004,-0.8442600128230507,4.563758389261752,-2.8276524444908024,-19.854578080262876,28.922767984562224,True,PE:Yahoo | FwdPE:Yahoo | ROIC:Computed | IC:Yahoo | ET:Yahoo,0.337792,0.407206,0.292531,0.298225,4.240168375092024,0.07946117269578182,61.3634997176544,8,34.877317395614256
BBTC,BBTC.NS,Consumer Staples,1423.5,0.099320307712,99320307712.0,7.6983395,3.811245,0.19793332353823084,Yahoo EPS growth,0.09627598152424945,13.27401267674306,2.924440273021031,,26.874645943786767,15.586,16.57,59.59315598846487,-0.15207572909896785,-4.520760836431759,-6.563833278634723,-9.383157560841083,31.97352235769965,True,PE:Yahoo | FwdPE:Yahoo | PEG:Yahoo(Yahoo EPS growth) | ROIC:Computed | IC:Yahoo | ET:Yahoo,0.505215,0.478534,0.497909,0.485285,1.3506308482810203,0.02463867259061508,38.54370691590097,22,30.76816942236299
BOSCHLTD,BOSCHLTD.NS,Consumer Discretionary,48385.0,1.427168821248,1427168821248.0,60.488056,42.40857,1.5512130828210116,Yahoo EPS growth,0.13669485665656084,92.44974287050023,4.020325217504873,,100.0,12.362,0.8,59.29701444452433,2.083650195969183,3.4973262032085506,24.736585683191457,55.57706830367306,24.99447469695857,True,PE:Yahoo | FwdPE:Yahoo | PEG:Yahoo(Yahoo EPS growth) | ROIC:Computed | IC:Yahoo | ET:Yahoo,0.58419,0.55657,0.48856,0.47948,6.8057270340087905,0.3540418483219724,62.206100809878244,7,44.19528571284998
FIRSTCRY,FIRSTCRY.NS,Industrials,168.83,0.0819224576,81922457600.0,,50.071476,4.288180147070087,Yahoo EPS growth,0.058383130235574975,0.8044501497646658,2.220533868797987,,2.9101310943787624,-1.646,29.762,21.053101526713633,-0.11474107427318221,-21.159053744157262,-23.028173315470426,-24.51151064676663,29.21758336188874,True,FwdPE:Yahoo | PEG:Yahoo(Yahoo EPS growth) | ROIC:Computed | IC:Yahoo | ET:Yahoo,0.2106229,0.2162668,0.2423631,0.2099081,0.11338138961440869,0.020322738190440313,60.38934291571151,22,33.736707179363435
BRIGADE,BRIGADE.NS,Real Estate,638.65,0.208303603712,208303603712.0,32.255054,17.09183,0.7396572852494578,Yahoo EPS growth,0.11553884711779448,53.49275826483042,1.4452830660729499,,4.12191467750127,25.834000000000003,84.316,43.947569614566,0.47670089754852757,7.70722847899612,24.9055417270883,28.493057895569287,43.603503839547926,True,PE:Yahoo | FwdPE:Yahoo | PEG:Yahoo(Yahoo EPS growth) | ROIC:Computed | IC:Yahoo | ET:Yahoo,0.111555,0.14576,0.157511,,,0.05167447030256336,56.148716507943625,4,49.59596473569325
BRITANNIA,BRITANNIA.NS,Consumer Staples,4962.0,1.195188420608,1195188420608.0,45.87224,38.12533,2.813206944027304,Yahoo EPS growth,0.06776133209990748,1.282051282051282,2.8698901042215215,,33.57166287015945,15.212,26.875,59.14561592026371,-0.08641822908274206,-11.629563668744435,-3.313100667187041,-13.150742812369886,17.602526223593195,True,PE:Yahoo | FwdPE:Yahoo | PEG:Yahoo(Yahoo EPS growth) | ROIC:Computed | IC:Yahoo | ET:Yahoo,0.496437,0.468595,0.488523,0.453486,3.062360733323999,0.29649380733741854,62.68966126583491,4,50.043088047196136
MAPMYINDIA,MAPMYINDIA.NS,Information Technology,925.8,0.050697785344,50697785344.0,36.899162,22.48543,0.1293789039861352,Yahoo EPS growth,0.8689759036144578,10.872817955112216,4.872773953738758,,100.0,33.617002,0.778,78.53187055836791,0.015064989654341365,-7.066856409497002,7.504594438479173,-6.210381907329843,56.851980772541964,True,PE:Yahoo | FwdPE:Yahoo | PEG:Yahoo(Yahoo EPS growth) | ROIC:Computed | IC:Yahoo | ET:Yahoo,0.013972,0.014504,0.009368,0.011377,7.088690087162619,0.01257674450407667,47.00436027786131,15,53.148888049841915
CCL,CCL.NS,Consumer Staples,1081.0,0.144142843904,144142843904.0,33.292267,22.77969,0.3739437063253012,Yahoo EPS growth,0.3045871559633027,62.2217014295758,0.2552960014892749,,6.049199213193037,13.100999999999999,56.487,33.28856639062392,0.2245332399155285,-4.534413549037253,-4.357536010572183,2.2074038098421456,30.02592115722257,True,PE:Yahoo | FwdPE:Yahoo | PEG:Yahoo(Yahoo EPS growth) | ROIC:Computed | IC:Yahoo | ET:Yahoo,0.12004462,0.12244438,0.10505646,0.10556389,4.378032256699704,0.03575792724614865,33.76021775272328,24,26.94966786194429
CESC,CESC.NS,Utilities,145.37,0.192698171392,192698171392.0,12.371915,10.289904,,—,0.018835616438356143,10.921964447122628,1.0540345528412347,,3.4037634739338762,11.777999999999999,164.311,28.147954694541266,0.0772747420105957,-7.1878646873042795,-10.80129116196712,-5.435487569196507,22.677230263253307,True,PE:Yahoo | FwdPE:Yahoo | ROIC:Computed | IC:Yahoo | ET:Yahoo,0.5485,0.4096,0.4005,0.5202,1.7814799320928554,0.04780318610676313,21.707175136047514,16,18.634091052139706
CGPOWER,CGPOWER.NS,Industrials,909.0,1.43208415232,1432084152320.0,114.91783,65.2704,4.99460452173913,Yahoo EPS growth,0.06534090909090909,84.211682037769,2.503084469507193,,100.0,10.4490004,1.446,54.20981569590907,0.7307733561407079,2.532289494799911,-3.369832230857317,28.046199287043372,34.91357419896251,True,PE:Yahoo | FwdPE:Yahoo | PEG:Yahoo(Yahoo EPS growth) | ROIC:Computed | IC:Yahoo | ET:Yahoo,0.328081,0.344176,0.317535,0.287805,4.462620257983829,0.3552612085489731,73.29038521299098,4,51.17989668401687
CIEINDIA,CIEINDIA.NS,Consumer Discretionary,379.65,0.144024928256,144024928256.0,16.08005,13.321053,0.8400099303529416,Yahoo EPS growth,0.07929104477611937,2.400800266755563,0.969785948638764,,64.03270816345021,11.165,6.63,49.21804171399455,-0.35761955302134474,-7.78479897018558,-18.319706569013917,-18.244750043406533,29.24882318332478,True,PE:Yahoo | FwdPE:Yahoo | PEG:Yahoo(Yahoo EPS growth) | ROIC:Computed | IC:Yahoo | ET:Yahoo,0.2620551,0.2611952,0.2392998,0.2369004,3.4210495257615436,0.03572867557434749,55.70660812161806,13,39.57762068311027
CRISIL,CRISIL.NS,Financials,4697.9,0.343557505024,343557505024.0,38.909225,31.21124,1.1925336977198697,Yahoo EPS growth,0.1308610400682012,70.81175647305805,2.543050597504435,29.052,50.7992799279928,24.679000000000002,10.23,99.5477852984183,0.34598325830032334,5.183145375731368,16.523918906668776,14.151715147109467,25.92197615409797,True,PE:Yahoo | FwdPE:Yahoo | PEG:Yahoo(Yahoo EPS growth) | ROIC:Computed | IC:Yahoo | ET:Yahoo,0.107539,0.105766,0.108157,0.084302,8.453283521656596,0.0852272921554008,76.57260497200897,6,86.5823677906514
CANFINHOME,CANFINHOME.NS,Financials,779.75,0.10382729216,103827292160.0,9.19083,8.225893,0.86,Yahoo,0.09815585960737659,17.774442538593497,,,,79.907995,636.585,0.0,-0.1968739341830332,-5.134133655369055,-8.967698749874053,-9.817979545067102,23.791092046464044,True,PE:Yahoo | FwdPE:Yahoo | PEG:Yahoo(Yahoo) | ET:Yahoo,0.04335423,0.04375547,0.04277786,0.03716241,5.271110006778845,0.02575673310354933,36.237900697143225,64,40.9750098911757
CANBK,CANBK.NS,Financials,124.0,1.124760813568,1124760813568.0,5.662101,5.326202,0.085608360913242,Yahoo EPS growth,0.31107954545454547,24.74845201238392,,,,44.137,,0.0,0.04005587212185157,-5.918059841542456,-6.647595956736863,-4.892713145016991,25.59791217143691,True,PE:Yahoo | FwdPE:Yahoo | PEG:Yahoo(Yahoo EPS growth) | ET:Yahoo,1.695831,1.451426,1.038057,1.944935,-4.465736598142522,0.2790226295775715,14.108611069151298,101,15.95292406535016
CANHLIFE,CANHLIFE.NS,Financials,151.92,0.143941910528,143941910528.0,110.08695,79.95789,3.686221114960542,Yahoo EPS growth,0.10845509195784622,75.6632064590542,0.198,8.276,16.105150214592275,0.847,15.304,82.43213044713778,0.2861422585635802,1.3949221010385982,9.30366188486953,8.57133292018435,25.07987060412179,True,PE:Yahoo | FwdPE:Yahoo | PEG:Yahoo(Yahoo EPS growth) | ROIC:ROA-proxy | IC:Yahoo | ET:Yahoo,0.435086,0.129057,0.420225,0.363161,6.208343475188327,0.035708081129298644,84.04308390162107,4,95.0294064475239
CAPLIPOINT,CAPLIPOINT.NS,Health Care,2754.9,0.209404608512,209404608512.0,31.545858,24.886179,1.5779564602523668,Yahoo EPS growth,0.07885572139303478,91.11111111111111,3.2156454462567736,,100.0,31.434,0.127,73.49463183551175,1.3103279420571035,11.426145088106487,16.50595401202759,63.325077632846096,39.60759049621021,True,PE:Yahoo | FwdPE:Yahoo | PEG:Yahoo(Yahoo EPS growth) | ROIC:Computed | IC:Yahoo | ET:Yahoo,0.061036,0.060016,0.054277,0.051022,6.15558842400572,0.05194759970996067,59.09335632757966,7,38.74434602523663
CGCL,CGCL.NS,Financials,266.0,0.255932956672,255932956672.0,22.676897,13.74677,0.2116136641732283,Yahoo EPS growth,0.32480818414322254,84.26842684268428,0.042617952195597324,,42.441546180405695,50.395,334.728,50.0,1.0477414765383526,15.176515126989276,22.1754843703317,56.50300947713276,39.44340782106159,True,PE:Yahoo | FwdPE:Yahoo | PEG:Yahoo(Yahoo EPS growth) | ROIC:Computed | IC:Yahoo | ET:Yahoo,0.1556847,0.1394161,0.1171002,0.1080974,12.930234153863317,0.06349002001559045,33.09052617753029,72,37.41620268680194
CARBORUNIV,CARBORUNIV.NS,Industrials,1075.2,0.20483137536,204831375360.0,97.12737,35.61051,1.5368746421052626,Yahoo EPS growth,0.11585365853658541,59.471750918313795,1.7107088208371448,,38.113546255506606,6.75,10.292,48.63814185536694,1.4294581562039588,-9.235187123817902,1.1509778632131873,42.63680353727381,36.28786924329563,True,PE:Yahoo | FwdPE:Yahoo | PEG:Yahoo(Yahoo EPS growth) | ROIC:Computed | IC:Yahoo | ET:Yahoo,0.141057,0.138319,0.127283,0.120665,5.3426991578577665,0.05081310469168697,55.77061146390544,31,38.9455468740146
CARTRADE,CARTRADE.NS,Industrials,3087.9,0.14980030464,149800304640.0,66.50657,38.912144,2.1167268693975902,Yahoo EPS growth,0.09191583610188263,88.01538006506952,0.4162056645890744,,24.420135271584954,25.951999999999998,5.363,58.33781522719031,1.3615158552889666,13.751557918597367,32.81289902553763,83.94591005903906,51.55602989694433,True,PE:Yahoo | FwdPE:Yahoo | PEG:Yahoo(Yahoo EPS growth) | ROIC:Computed | IC:Yahoo | ET:Yahoo,0.02011632,0.02031431,0.02096718,0.01730397,5.14797842272221,0.0371613896998974,62.961540962283365,16,43.96709271143225
CASTROLIND,CASTROLIND.NS,Energy,188.03,0.185984679936,185984679936.0,17.507448,15.909183,0.3778430962500002,Yahoo EPS growth,0.2105263157894736,44.108241082410835,3.0254449866164292,56.996,100.0,24.779,2.784,67.50065812070072,0.7370631297987015,0.3254725303122097,4.799295619230248,7.351876171994953,9.532973985012271,True,PE:Yahoo | FwdPE:Yahoo | PEG:Yahoo(Yahoo EPS growth) | ROIC:Computed | IC:Yahoo | ET:Yahoo,0.187147,0.154524,0.143992,0.149683,7.730034007584852,0.04613775109417818,55.62724062773196,5,62.898972928633704
CEATLTD,CEATLTD.NS,Consumer Discretionary,3278.5,0.132615626752,132615626752.0,22.47241,13.796465,,—,-0.4807553956834532,15.782975014526448,0.3478450277469106,,6.057797321377249,4.1450000000000005,64.742,26.54439918211531,0.21284933685663232,-11.307994048424186,-3.2918505380698293,-4.56810729800059,31.665058721622152,True,PE:Yahoo | FwdPE:Yahoo | ROIC:Computed | IC:Yahoo | ET:Yahoo,0.4318,0.421889,0.415705,0.3529,6.957274229821997,0.03289833754257451,39.14914768728822,40,22.251293618191333
CEMPRO,CEMPRO.NS,Industrials,1244.3,0.213755297792,213755297792.0,35.592106,21.814516,,—,0.013141426783479291,64.6653285627018,3.6476128597516406,,7.934846423713038,8.524,37.711,48.466036797320584,2.5176288809044722,0.5901413765663,7.064197307310716,131.14402768112106,51.85588999823221,True,PE:Yahoo | FwdPE:Yahoo | ROIC:Computed | IC:Yahoo | ET:Yahoo,0.272092,0.297349,0.231548,0.25764,1.8358816037316927,0.05302688763387905,34.771867215331824,98,19.425419216113955
CENTRALBK,CENTRALBK.NS,Financials,30.74,0.278240067584,278240067584.0,6.0992064,,,—,0.014084507042253534,12.24137931034481,0.878,11.560000500000001,,39.668998,,36.84517515883357,-0.3733018872452918,-1.9770434539747583,-3.9375007152557373,-11.990461299665123,26.8239143380239,True,PE:Yahoo | ROIC:ROA-proxy | ET:Yahoo,0.492044,0.518259,0.54552,0.517377,-1.6595312556561104,0.06902380877304212,33.3950974041982,70,30.208470581998604
CDSL,CDSL.NS,Financials,1360.0,0.284239986688,284239986688.0,60.230293,45.702793,3.110328968055557,Yahoo EPS growth,0.073469387755102,43.720846788661646,4.506824310345884,23.913,100.0,38.09,0.11,96.81714817375752,0.4464538272944885,1.5683345780433067,8.430563094160926,13.347008214492018,26.38273639141478,True,PE:Yahoo | FwdPE:Yahoo | PEG:Yahoo(Yahoo EPS growth) | ROIC:Computed | IC:Yahoo | ET:Yahoo,0.029276,0.0262848,0.0304355,0.025884,4.190178590007876,0.0705122258528834,84.83377152111377,2,95.92345473415926
CHALET,CHALET.NS,Industrials,877.25,0.192112590848,192112590848.0,36.37023,27.83339,,—,-0.2887096774193549,49.08250825082509,0.565354712725624,,6.807261919284898,33.731,64.041,55.14981765308453,0.25511466970095015,6.8174526490540455,17.201995836855687,13.388819407919051,25.758482515208065,True,PE:Yahoo | FwdPE:Yahoo | ROIC:Computed | IC:Yahoo | ET:Yahoo,0.0512273,0.0558217,0.0581676,0.0894551,-16.957811331326113,0.047657919467629394,51.140841507128115,45,28.570001121561116
CHAMBLFERT,CHAMBLFERT.NS,Chemicals,418.8,0.167793180672,167793180672.0,8.703242,8.57611,,—,-0.02299270072992697,11.962323390894825,0.7460772506560311,,100.0,15.151,10.274,51.36951201364078,0.11742265832483258,-5.313136027261178,-10.474637975904699,-2.2253517293444047,26.296324252640158,True,PE:Yahoo | FwdPE:Yahoo | ROIC:Computed | IC:Yahoo | ET:Yahoo,0.502702,0.278503,0.589826,0.569761,-4.088069718345011,0.041624933880625006,37.031022080260726,20,26.48405831066475
CHENNPETRO,CHENNPETRO.NS,Energy,1572.9,0.234222731264,234222731264.0,5.6116877,3.9224439,0.0014664870175121613,Yahoo EPS growth,1.0,89.11210575621944,0.47262330577823697,,40.58781869688385,5.1149998000000005,17.68,41.35283971191117,1.2288262743133527,17.223130658533737,38.7097531219444,80.18896968095991,51.24063534335676,True,PE:Yahoo | FwdPE:Yahoo | PEG:Yahoo(Yahoo EPS growth) | ROIC:Computed | IC:Yahoo | ET:Yahoo,2.736927,1.681732,1.568317,1.481223,22.710273000460155,0.05810430235100919,8.027419471858522,17,9.076783862536212
CHOICEIN,CHOICEIN.NS,Financials,759.8,0.169265577984,169265577984.0,71.409775,50.55223,3.5386560999999968,Yahoo EPS growth,0.0714285714285715,65.49006168608635,0.7864030207273057,,5.0019477014406375,27.432000000000002,49.768,25.00973850720319,0.9201203438287692,-6.2264748172824795,7.0593172783154134,17.75280709693432,26.06102785906802,True,PE:Yahoo | FwdPE:Yahoo | PEG:Yahoo(Yahoo EPS growth) | ROIC:Computed | IC:Yahoo | ET:Yahoo,0.0309786,0.03067106,0.03033644,0.0234623,9.706005215766812,0.04199019568991043,65.05693459387976,12,73.56134012155793
CHOLAHLDNG,CHOLAHLDNG.NS,Financials,1528.6,0.287036604416,287036604416.0,10.751917,8.003141,0.17179763085043986,Yahoo EPS growth,0.23292349726775957,29.459815546772056,0.17804057918189242,,100.0,38.779998,623.156,50.0,0.15507929182934513,-1.425161300175215,-2.410898240748327,2.9064098553155615,27.931331800621027,True,PE:Yahoo | FwdPE:Yahoo | PEG:Yahoo(Yahoo EPS growth) | ROIC:Computed | IC:Yahoo | ET:Yahoo,1.138512,1.084051,1.046071,1.01276,3.9785341900978377,0.07120599080537535,31.204312036005177,79,35.2834179057023
CHOLAFIN,CHOLAFIN.NS,Financials,1845.9,1.576520384512,1576520384512.0,27.24978,18.800514,0.4385706110689656,Yahoo EPS growth,0.2143385070214338,83.6778441280049,,,,56.586000000000006,695.283,0.0,0.7747023792225952,-3.7390463123032958,11.673016407314307,21.002883674459195,31.937335743812646,True,PE:Yahoo | FwdPE:Yahoo | PEG:Yahoo(Yahoo EPS growth) | ET:Yahoo,0.494931,0.481052,0.436294,0.388503,8.405194582905962,0.39109191746622685,32.81159967591766,74,37.10081421388774
CIPLA,CIPLA.NS,Health Care,1366.0,1.103534620672,1103534620672.0,32.789246,21.521269,,—,-0.1960174237710019,39.483540311452785,1.7969433340133834,,100.0,12.549,1.778,53.77463246836601,0.4818449149758331,-6.630211893369786,-1.1076557074695903,4.116522071654427,22.303304716961087,True,PE:Yahoo | FwdPE:Yahoo | ROIC:Computed | IC:Yahoo | ET:Yahoo,0.707702,0.646426,0.696297,0.683704,1.156571350206903,0.27375698724160247,42.50956287549755,38,22.296993310717074
CUB,CUB.NS,Financials,227.32,0.22522576896,225225768960.0,16.07638,11.74563,0.7260438265116277,Yahoo EPS growth,0.08088788562829197,77.78121775025801,,,,50.985,,0.0,0.6782586062259972,7.98024069485328,11.681514910715629,32.152431155436204,35.63860486059015,True,PE:Yahoo | FwdPE:Yahoo | PEG:Yahoo(Yahoo EPS growth) | ET:Yahoo,0.10637234,0.10763094,0.09975218,,,0.05587240019902282,36.49034161391174,63,41.2604505172201
CLEAN,CLEAN.NS,Chemicals,842.05,0.089496543232,89496543232.0,38.46734,26.034693,,—,0.023520485584218553,33.93749999999999,2.307357889165047,,100.0,28.083000000000002,0.135,68.3467254597684,0.3024245687969311,5.108391683512825,6.874375375278374,15.27693953514877,33.623418534040525,True,PE:Yahoo | FwdPE:Yahoo | ROIC:Computed | IC:Yahoo | ET:Yahoo,0.0268432,0.0249253,0.021967,0.0242869,3.3921105860565515,0.02220166325983559,53.9701936550298,11,38.59871198531106
COALINDIA,COALINDIA.NS,Energy,426.4,2.627787292672,2627787292672.0,8.431876,7.5333066,0.87,Yahoo,0.0031534688156972623,46.6913275791204,6.732309797072668,,61.427145638765495,21.113001,11.629,70.78204605650994,-0.6165058228048467,5.188019130713273,-2.9681158059550516,-6.302941199546863,18.638851256880294,True,PE:Yahoo | FwdPE:Yahoo | PEG:Yahoo(Yahoo) | ROIC:Computed | IC:Yahoo | ET:Yahoo,4.62548,4.649003,3.081817,4.29192,2.5262476762549113,0.6518827038843499,71.4591448024554,2,80.8004632930184
COCHINSHIP,COCHINSHIP.NS,Industrials,1381.0,0.363314577408,363314577408.0,53.485672,30.894854,0.7566464243113772,Yahoo EPS growth,0.2041564792176039,24.467145920040355,4.058914978741932,,13.659577531417758,14.696000000000002,28.466,61.316343135948784,0.2311345509092226,-8.360982083609825,-3.534505200394933,-0.3247924936845892,34.76844789458338,True,PE:Yahoo | FwdPE:Yahoo | PEG:Yahoo(Yahoo EPS growth) | ROIC:Computed | IC:Yahoo | ET:Yahoo,0.10942143,0.14842781,0.13504099,0.11185871,-0.7316370624988355,0.09012848556722552,57.09579948474014,28,39.87094774066463
COFORGE,COFORGE.NS,Information Technology,1846.5,0.817959010304,817959010304.0,37.876923,25.843508,0.8527457169337982,Yahoo EPS growth,0.15153115100316786,82.7558977396111,0.7610465350844755,,18.68753953194181,15.959999999999999,7.518,52.126542061662114,1.7322505366487868,0.9568069983597605,26.641806914404654,70.2348564803467,39.99308876879456,True,PE:Yahoo | FwdPE:Yahoo | PEG:Yahoo(Yahoo EPS growth) | ROIC:Computed | IC:Yahoo | ET:Yahoo,0.55277,0.44504,0.41881,0.37044,14.272623059563383,0.20291342940522164,43.950245786702666,20,49.69553205855862
COHANCE,COHANCE.NS,Health Care,440.2,0.168419360768,168419360768.0,158.91698,44.749825,,—,-0.6623711340206185,23.78993555464144,0.4355821201273768,,12.85161662817552,-11.457,9.928,36.84305739508357,1.4088250556665673,-0.9339470776371761,3.0913377534031117,52.13409466787731,37.668297800400794,True,PE:Yahoo | FwdPE:Yahoo | ROIC:Computed | IC:Yahoo | ET:Yahoo,0.042226,0.061912,0.054455,0.055557,-8.740016555036512,0.041780272166656515,48.86945761957434,26,25.632866958274196
COLPAL,COLPAL.NS,Consumer Staples,1797.4,0.488866971648,488866971648.0,36.2306,30.749754,4.421214629999999,Yahoo EPS growth,0.034775233248515704,2.578700602813144,31.693748082139912,,100.0,27.678000000000004,2.993,89.73166666666667,0.12406655786829252,-9.927335283685167,-14.282984018213273,-7.082129287740136,22.932900249924447,True,PE:Yahoo | FwdPE:Yahoo | PEG:Yahoo(Yahoo EPS growth) | ROIC:Computed | IC:Yahoo | ET:Yahoo,0.159056,0.158277,0.147292,0.142064,3.83776678132719,0.12127462683389655,71.98611111111111,1,57.464137208089284
CAMS,CAMS.NS,Financials,711.0,0.17653956608,176539566080.0,35.710697,27.211853,2.4596550396498045,Yahoo EPS growth,0.05531640120533795,42.65524625267667,3.027493519342506,,100.0,40.046,4.863,50.0,0.6146958253954011,-8.541294356674245,-7.768703164447766,8.016567142464638,26.936674717919367,True,PE:Yahoo | FwdPE:Yahoo | PEG:Yahoo(Yahoo EPS growth) | ROIC:Computed | IC:Yahoo | ET:Yahoo,0.03950295,0.03952202,0.0390139,,,0.04379467470587427,68.02148244930171,10,76.91342110202031
CONCORDBIO,CONCORDBIO.NS,Health Care,1505.7,0.157520625664,157520625664.0,51.813488,35.395412,0.8783305940740738,Yahoo EPS growth,0.2014925373134329,72.34309623430963,1.9221713434993464,,100.0,24.962999,0.115,64.54479140473471,0.6171356644182346,4.2223300381867945,9.746085655497104,28.966837605550765,40.09573420244685,True,PE:Yahoo | FwdPE:Yahoo | PEG:Yahoo(Yahoo EPS growth) | ROIC:Computed | IC:Yahoo | ET:Yahoo,0.0257489,0.03260796,0.0277766,0.02470575,1.388075458886684,0.03907659180092548,51.80492694901688,18,33.96571358036154
CONCOR,CONCOR.NS,Industrials,499.25,0.38023774208,380237742080.0,30.572565,21.399487,,—,-0.14629258517034072,52.44354566902597,2.018475904827597,,30.645743428795605,13.638,7.39,55.42203895538532,0.5524420961900762,-6.446176865040543,8.077305741379615,10.449095352251847,30.582883407710682,True,PE:Yahoo | FwdPE:Yahoo | ROIC:Computed | IC:Yahoo | ET:Yahoo,0.215976,0.22633,0.230751,0.235453,-2.8371104900466015,0.094326663393653,44.18701460178007,69,24.68522260345159
COROMANDEL,COROMANDEL.NS,Chemicals,1929.0,0.568169791488,568169791488.0,31.0578,19.964352,,—,-0.12303206997084545,28.075709779179807,1.0812288254859088,,10.504308460817983,6.771999600000001,11.469,46.09141329372617,0.14800582402377394,-7.65032770454871,-6.254398115877113,-3.5718058141759323,27.55649595057591,True,PE:Yahoo | FwdPE:Yahoo | ROIC:Computed | IC:Yahoo | ET:Yahoo,0.816477,0.600366,0.877945,0.70423,5.053327047244416,0.14094750399831374,39.82613195981627,17,28.483080991551642
CRAFTSMAN,CRAFTSMAN.NS,Consumer Discretionary,11669.0,0.30519607296,305196072960.0,60.239532,32.979115,0.519939772495861,Yahoo EPS growth,0.3171436072459963,94.18502202643172,0.8540720681941489,,4.331004396578167,10.836001000000001,111.011,29.459563523750983,1.6080315585270164,11.017029778327458,25.12840812048043,59.48726200067951,30.14258766584879,True,PE:Yahoo | FwdPE:Yahoo | PEG:Yahoo(Yahoo EPS growth) | ROIC:Computed | IC:Yahoo | ET:Yahoo,0.243158,0.22264,0.205728,0.200159,6.701652801061653,0.07571086206667463,33.33984981970425,47,23.686811570278575
CREDITACC,CREDITACC.NS,Financials,1424.2,0.228241620992,228241620992.0,18.903637,11.011757,0.01536429455588453,Yahoo EPS growth,1.0,59.7312859884837,0.009587310452544833,16.364999,20.45870111230714,64.591,302.872,91.56184136156239,0.8842832276843353,-7.8426343553437246,3.578178267045451,20.981992035772446,32.59659969645581,True,PE:Yahoo | FwdPE:Yahoo | PEG:Yahoo(Yahoo EPS growth) | ROIC:Computed | IC:Yahoo | ET:Yahoo,0.174861,0.157329,0.146852,0.141436,7.327496060904792,0.05662055123187761,33.37266081909643,71,37.73521867576422
CROMPTON,CROMPTON.NS,Consumer Discretionary,231.0,0.148744339456,148744339456.0,,20.612669,1.3987168249999988,Yahoo EPS growth,0.07368421052631585,13.326800587947082,1.8431990279820336,,15.74830852503383,8.019,5.797,50.15885148609724,0.04609204832504709,-6.798469109772043,-12.130002974115438,-5.429561095751067,29.69943978985831,True,FwdPE:Yahoo | PEG:Yahoo(Yahoo EPS growth) | ROIC:Computed | IC:Yahoo | ET:Yahoo,0.223502,0.228327,0.18983,0.199838,3.800898566151356,0.03689943339876402,60.169182511389344,10,34.19850050176676
CUMMINSIND,CUMMINSIND.NS,Industrials,5070.0,1.405404053504,1405404053504.0,59.521015,42.950027,,—,0.004359798072510355,54.56550507278342,5.1147410723628575,,100.0,20.458001,0.431,67.95795532897284,0.44081454247253943,-5.498602050326184,-11.156554725639168,7.540644303862898,29.579891536816444,True,PE:Yahoo | FwdPE:Yahoo | ROIC:Computed | IC:Yahoo | ET:Yahoo,0.337493,0.29632,0.300624,0.285871,5.689430126046013,0.3486426001842181,57.27522619227473,27,31.996995519185532
CYIENT,CYIENT.NS,Information Technology,1059.4,0.110285283328,110285283328.0,31.149664,14.910327,93.13,Yahoo,-0.16236559139784945,57.84056886227547,1.676499553515894,,17.799342105263158,9.014,7.528,50.40152759129881,0.03874701336499998,20.43426306044065,16.71899916467945,21.756126208444915,34.11522678024777,True,PE:Yahoo | FwdPE:Yahoo | PEG:Yahoo(Yahoo) | ROIC:Computed | IC:Yahoo | ET:Yahoo,0.20757,0.19269,0.18485,0.17118,6.636002073032166,0.027358785429472714,68.08617728957776,3,76.98657301394736
DCMSHRIRAM,DCMSHRIRAM.NS,Financials,1000.0,0.154854817792,154854817792.0,10.8813925,23.337223,0.045669343528936736,Yahoo EPS growth,1.0,11.698274025143824,0.908514418212887,,10.375262683878715,5.840999999999999,37.802,50.0,-0.01941730402268636,-0.990099009900991,-4.199022787932394,-1.4140026414356188,21.831230073925646,True,PE:Yahoo | FwdPE:Yahoo | PEG:Yahoo(Yahoo EPS growth) | ROIC:Computed | IC:Yahoo | ET:Yahoo,0.354812,0.317116,0.378563,0.324863,2.9831131616112394,0.03841527722326478,42.87509953777893,54,48.479839997578296
DLF,DLF.NS,Real Estate,644.5,1.595338391552,1595338391552.0,35.845387,25.353544,0.14,Yahoo,0.021103896103896087,50.78585461689589,2.73341182029603,10.102,16.70579033913372,8.994000400000001,0.673,53.61543734782358,0.6388786368812885,-2.606724593879861,6.2074420427256305,16.930962649819527,30.58121858491526,True,PE:Yahoo | FwdPE:Yahoo | PEG:Yahoo(Yahoo) | ROIC:Computed | IC:Yahoo | ET:Yahoo,0.128034,0.181406,0.202022,0.27167,-22.17940559543219,0.39576015425432565,62.659282937479645,2,55.346725271830785
DOMS,DOMS.NS,Consumer Staples,2121.0,0.128719962112,128719962112.0,59.528484,40.47646,,—,-0.11822916666666665,13.28135685952673,1.0254761038152265,,45.68645249874681,8.826,10.849,47.53950219225329,0.15418148245496868,-4.9262379724405285,-8.188494140205583,-1.3686947338568345,23.073738700253678,True,PE:Yahoo | FwdPE:Yahoo | ROIC:Computed | IC:Yahoo | ET:Yahoo,0.06705082,0.06039832,0.05921942,0.05679106,5.69181912585226,0.03193192888155705,54.27733434897524,12,34.66224403765499
DABUR,DABUR.NS,Consumer Staples,376.0,0.667007844352,667007844352.0,33.90442,28.532618,3.16,Yahoo,0.07413793103448278,4.549356223175961,3.9030985502340467,,22.708695305650753,16.476,10.907,62.495999675024116,-0.3713085329042749,-8.292682926829265,-12.532340429036203,-16.013685371293505,20.794034502985017,True,PE:Yahoo | FwdPE:Yahoo | PEG:Yahoo(Yahoo) | ROIC:Computed | IC:Yahoo | ET:Yahoo,0.376439,0.303802,0.355865,0.340458,3.4055119631319464,0.16546654225050567,62.42613779322336,5,49.83272595437064
DALBHARAT,DALBHARAT.NS,Materials,1746.6,0.327887126528,327887126528.0,34.966965,23.958366,0.5214133916912512,Yahoo EPS growth,0.22974444444444445,15.886906765398843,0.9385270379192437,,6.885416666666667,11.414,40.987,38.888321448831924,-0.016716727155195683,-5.148259344587036,1.8796488164551706,-5.61351705041181,27.8318657417441,True,PE:Yahoo | FwdPE:Yahoo | PEG:Yahoo(Yahoo EPS growth) | ROIC:Computed | IC:Yahoo | ET:Yahoo,0.389,0.4245,0.3506,,,0.08133989657610467,59.83125065744929,7,67.65254168500067
DATAPATTNS,DATAPATTNS.NS,Industrials,4829.2,0.27035779072,270357790720.0,101.008156,59.652893,,—,-0.2758816837315131,94.046706169397,1.0953654090357718,,100.0,21.934,0.304,58.792123996133824,0.7074409274307382,7.530621138109561,9.360008226712257,45.2499073481661,53.317930511942905,True,PE:Yahoo | FwdPE:Yahoo | ROIC:Computed | IC:Yahoo | ET:Yahoo,0.011603,0.034485,0.017313,0.030746,-27.73513043491058,0.06706842982391698,58.71022407935305,25,32.798661859336605
DEEPAKFERT,DEEPAKFERT.NS,Chemicals,1320.4,0.166852788224,166852788224.0,16.949936,10.577304,0.98,Yahoo,0.5077881619937694,55.73287503068992,0.5076142732698959,,5.055516576039292,22.732,75.969,39.78000943320233,1.264840029291528,-8.675805910451828,-11.860625488957355,35.88942881479007,35.23389020997708,True,PE:Yahoo | FwdPE:Yahoo | PEG:Yahoo(Yahoo) | ROIC:Computed | IC:Yahoo | ET:Yahoo,0.325626,0.301138,0.283007,0.265875,6.990986149652834,0.04139164803841694,32.69026766592336,22,29.224515906524534
DEEPAKNTR,DEEPAKNTR.NS,Chemicals,1587.8,0.216564875264,216564875264.0,27.623522,25.592379,0.13421153130945623,Yahoo EPS growth,0.9534344310918693,49.295323510570135,0.4993597494147915,,22.32985658409387,18.486999,27.903,52.67082660302818,0.5248994356742552,-7.60009158114795,-4.29878787000344,7.079222893737391,27.965955909305084,True,PE:Yahoo | FwdPE:Yahoo | PEG:Yahoo(Yahoo EPS growth) | ROIC:Computed | IC:Yahoo | ET:Yahoo,0.25776,0.212033,0.197497,0.190189,10.664937405354348,0.0537238675471039,39.77206631070267,18,35.55551751398143
DELHIVERY,DELHIVERY.NS,Industrials,439.0,0.32894025728,328940257280.0,356.91055,39.884075,,—,-0.3237704918032787,43.16282179872953,2.616613992331394,,6.093699537836183,-1.606,15.098,32.790908932901225,0.4793750882498114,-6.645401382243488,-3.208022970912383,7.545317705024357,29.602537626804654,True,PE:Yahoo | FwdPE:Yahoo | ROIC:Computed | IC:Yahoo | ET:Yahoo,0.293073,0.2849999,0.2804986,0.2294001,8.507744396986316,0.08160114973159104,48.532590210128504,58,27.112892863571158
DEVYANI,DEVYANI.NS,Industrials,137.97,0.170108698624,170108698624.0,,133.08832,0.4436277333333334,Yahoo EPS growth,1.0,48.65828092243187,0.9181425679005601,,3.2272318449531436,4.709,203.327,21.00425934621779,0.5764397085731685,-1.597607435919568,23.850986832035037,17.96340825982421,33.9341919108282,True,FwdPE:Yahoo | PEG:Yahoo(Yahoo EPS growth) | ROIC:Computed | IC:Yahoo | ET:Yahoo,0.1580516,0.1436862,0.1440897,0.1356969,5.2146763174801825,0.04219935103670604,41.5648258285779,76,23.22032812804705
DIVISLAB,DIVISLAB.NS,Health Care,9322.0,2.474698080256,2474698080256.0,84.74545,61.95091,0.9430714308320947,Yahoo EPS growth,0.32845290385553944,92.63541535754682,1.302825768494361,,100.0,36.655998000000004,0.042,71.97687342494642,1.5109029728898673,9.670588235294119,39.447907286850146,49.004159935064415,26.0331552757077,True,PE:Yahoo | FwdPE:Yahoo | PEG:Yahoo(Yahoo EPS growth) | ROIC:Computed | IC:Yahoo | ET:Yahoo,0.308,0.2831,0.2604,0.241,8.520359710935853,0.6139054254327929,60.187860005862234,6,39.46195341585768
DIXON,DIXON.NS,Consumer Discretionary,13425.0,0.816265428992,816265428992.0,43.66848,47.731304,0.3100899897777157,Yahoo EPS growth,0.7696363245104368,43.11802502536354,12.451020362107123,,14.218315678761925,2.2909999,18.457,60.4712385204819,0.9312941291272554,-4.346277164232282,9.726195341234156,29.86070806732444,36.730592582617426,True,PE:Yahoo | FwdPE:Yahoo | PEG:Yahoo(Yahoo EPS growth) | ROIC:Computed | IC:Yahoo | ET:Yahoo,1.554766,1.051051,1.067159,1.283566,6.597972233623617,0.20249329784891446,48.99814534935352,26,34.811489627566466
LALPATHLAB,LALPATHLAB.NS,Health Care,1909.0,0.319321407488,319321407488.0,58.828968,43.85065,3.5177965888888894,Yahoo EPS growth,0.06232686980609418,88.84545581460281,0.24078332958662438,,37.5803947368421,25.461,7.83,56.645025737372976,1.5967058459326129,-2.267959234153638,18.731884850207603,39.33967626136774,26.058422471184077,True,PE:Yahoo | FwdPE:Yahoo | PEG:Yahoo(Yahoo EPS growth) | ROIC:Computed | IC:Yahoo | ET:Yahoo,0.07977,0.07027,0.06598,,,0.07921497417310795,67.04780959735422,3,43.95965463315003
DRREDDY,DRREDDY.NS,Health Care,1165.5,0.970848206848,970848206848.0,29.32813,19.658901,1.59,Yahoo,0.2459250125817815,20.547945205479444,9.456083278328972,8.836999500000001,19.95398608881755,4.251,18.605,59.65968779722123,-0.2847931163085063,-3.3582089552238847,-8.145416490170188,-9.240025175362021,20.65294378030743,True,PE:Yahoo | FwdPE:Yahoo | PEG:Yahoo(Yahoo) | ROIC:Computed | IC:Yahoo | ET:Yahoo,0.80705,0.75162,0.87268,0.88051,-2.862098642488553,0.24084108934776813,51.392092816635014,21,33.69504036986788
EIDPARRY,EIDPARRY.NS,Consumer Staples,721.05,0.128314949632,128314949632.0,27.70073,9.626836,,—,-0.3332635106828655,5.443068127679827,1.1558340820001725,,8.52260499087036,5.63,23.647,40.55696573371004,-0.12528767945432073,-7.593233490568807,-1.86458145042957,-11.019928485639664,27.350614282230463,True,PE:Yahoo | FwdPE:Yahoo | ROIC:Computed | IC:Yahoo | ET:Yahoo,0.901752,0.788233,1.031558,1.162444,-8.116324789766116,0.03183145627812162,39.65409682333921,21,25.323645637165193
EIHOTEL,EIHOTEL.NS,Industrials,286.45,0.179135578112,179135578112.0,25.193493,20.757248,,—,0.013736263736263748,10.714285714285722,2.23675205581186,,58.30221990817437,19.716998999999998,4.666,61.16559033067612,-0.16042412355453486,-4.723093955672009,-5.856406455375696,-9.455668709246634,29.50039338669552,True,PE:Yahoo | FwdPE:Yahoo | ROIC:Computed | IC:Yahoo | ET:Yahoo,0.065696,0.089522,0.087289,0.059794,3.187503862142016,0.04443867483003033,47.120489695741554,63,26.324018216794588
EICHERMOT,EICHERMOT.NS,Consumer Discretionary,7530.0,2.06714830848,2067148308480.0,35.84178,27.720856,4.107128605578639,Yahoo EPS growth,0.033747246144602415,60.85011185682326,4.609850533660134,,100.0,19.798,2.048,66.5714308110597,0.6688962398300805,-6.448005963473724,-0.20522025505086416,9.079681916001636,23.213896199236903,True,PE:Yahoo | FwdPE:Yahoo | PEG:Yahoo(Yahoo EPS growth) | ROIC:Computed | IC:Yahoo | ET:Yahoo,0.648874,0.596093,0.599983,0.607119,2.2418853611686274,0.5128033887749308,71.23833201205011,2,50.61237396315733
ELECON,ELECON.NS,Industrials,422.1,0.094719213568,94719213568.0,40.16175,19.273973,,—,-0.29923273657289,24.77907387769531,2.6207730073411573,,25.85346707370257,15.245000000000001,11.824,58.52723340475951,0.4362596420740779,-4.782310460913886,-24.137313518628332,11.205141460928104,36.646644291537015,True,PE:Yahoo | FwdPE:Yahoo | ROIC:Computed | IC:Yahoo | ET:Yahoo,0.052056,0.074561,0.055174,0.049057,1.997595988842149,0.02349726601642949,44.915908639268935,67,25.0924216806442
ELGIEQUIP,ELGIEQUIP.NS,Industrials,617.7,0.1947246592,194724659200.0,43.469387,33.7541,,—,-0.07402597402597406,85.43748725270245,1.6061911750102065,,26.03543307086614,12.295,23.885,52.877297173381606,0.6518693405320679,7.323434160027165,1.935120035478466,26.481397434640463,29.38926880496667,True,PE:Yahoo | FwdPE:Yahoo | ROIC:Computed | IC:Yahoo | ET:Yahoo,0.10622,0.11126,0.10034,0.0968,3.1439232729392863,0.048305902728976655,48.77634770541363,56,27.24906879866433
EMAMILTD,EMAMILTD.NS,Consumer Staples,363.8,0.158798692352,158798692352.0,21.237595,18.182508,,—,-0.03676470588235294,1.0480522048645575,2.4758149610561446,,90.05391734052111,17.65,5.541,60.13479047583538,-0.11289960924072873,-9.592446990306192,-9.084095128817893,-12.55858707680102,26.27236804841649,True,PE:Yahoo | FwdPE:Yahoo | ROIC:Computed | IC:Yahoo | ET:Yahoo,0.103921,0.09251,0.115181,0.079851,9.179471058467904,0.03939364545692013,47.14446520750785,16,30.107096777095588
EMCURE,EMCURE.NS,Health Care,1978.9,0.37541838848,375418388480.0,37.037247,25.498571,1.2364401409433958,Yahoo EPS growth,0.10311284046692609,91.23096446700508,0.12708548555102622,,15.395857810765479,15.443000000000001,30.567,47.36378451044374,1.6094566425607064,-1.3361582097987545,14.279457407730645,37.88237213337051,24.36755940239005,True,PE:Yahoo | FwdPE:Yahoo | PEG:Yahoo(Yahoo EPS growth) | ROIC:Computed | IC:Yahoo | ET:Yahoo,0.2580447,0.2469703,0.2363478,0.2269822,4.368084824139462,0.09313111257243403,43.68294231399746,36,28.640563636830883
EMMVEE,EMMVEE.NS,Industrials,346.0,0.239551381504,239551381504.0,18.794134,12.010286,0.20084724083162359,Yahoo EPS growth,0.29899056492562404,87.22755448910218,1.1856731994264162,,12.484191746117915,29.842999999999996,9.745,65.79254848646572,1.5083826755924068,6.905609925846012,2.869033364463358,72.77539672966944,43.66914833329913,True,PE:Yahoo | FwdPE:Yahoo | PEG:Yahoo(Yahoo EPS growth) | ROIC:Computed | IC:Yahoo | ET:Yahoo,0.15555163,0.17388062,0.11522517,0.11309957,11.20847130067515,0.05942619584527794,30.812031944048798,105,21.516555097073272
ENDURANCE,ENDURANCE.NS,Consumer Discretionary,2692.6,0.378748796928,378748796928.0,39.06282,26.177378,3.467429741639348,Yahoo EPS growth,0.03774752475247521,59.169177787343926,1.2398929442631819,,36.46435520962321,7.2749999999999995,19.393,47.22374128177597,0.768089158189537,-10.832197198555615,3.3401143639506747,9.88366005010124,26.970641399868473,True,PE:Yahoo | FwdPE:Yahoo | PEG:Yahoo(Yahoo EPS growth) | ROIC:Computed | IC:Yahoo | ET:Yahoo,0.431489,0.408595,0.360822,0.358282,6.393455152645022,0.09395729651440521,63.255782549436574,5,44.94104832750297
ENGINERSIN,ENGINERSIN.NS,Industrials,268.95,0.151161307136,151161307136.0,19.26576,19.703299,0.22240845083333335,Yahoo EPS growth,0.4429530201342282,83.58445678033307,4.932488079016528,,100.0,14.229,0.534,62.47340306804846,0.5166963061468077,12.43729750766942,13.928073818227604,34.01266078790064,41.75637221238633,True,PE:Yahoo | FwdPE:Yahoo | PEG:Yahoo(Yahoo EPS growth) | ROIC:Computed | IC:Yahoo | ET:Yahoo,0.08198422,0.09262906,0.12102413,0.09212891,-3.814092821498416,0.03749901747881237,37.93237625937803,88,26.488810125534805
ERIS,ERIS.NS,Health Care,1355.5,0.18784968704,187849687040.0,28.901918,23.429035,1.4153704705479462,Yahoo EPS growth,0.082766439909297,28.796296296296298,0.09002440930292509,,5.851440436023878,25.792998,60.545,41.835701175212144,0.08935406171216428,-1.7967143339000957,-1.5256084271703552,0.8267255850180621,29.36005223096662,True,PE:Yahoo | FwdPE:Yahoo | PEG:Yahoo(Yahoo EPS growth) | ROIC:Computed | IC:Yahoo | ET:Yahoo,0.086903,0.075229,0.080089,0.079015,3.222666759499182,0.046600408736640106,51.21349230881599,22,33.57794159082978
ESCORTS,ESCORTS.NS,Industrials,2899.7,0.319046418432,319046418432.0,23.09414,20.866037,1.61,Yahoo,-0.3619006377450595,15.507066314645115,3.9601804503941267,,100.0,9.024999000000001,1.309,56.39918707580483,-0.08224123758370008,-7.239284991302785,4.691406754768246,-9.20456176867609,23.89648836902736,True,PE:Yahoo | FwdPE:Yahoo | PEG:Yahoo(Yahoo) | ROIC:Computed | IC:Yahoo | ET:Yahoo,0.320755,0.296816,0.328049,0.250005,8.661304245501288,0.07914675685206991,67.94432420520293,8,47.44665324082993
ETERNAL,ETERNAL.NS,Industrials,323.5,2.977944829952,2977944829952.0,718.8889,86.00841,0.3686074714285714,Yahoo EPS growth,1.0,71.15816490214951,2.1276163083714614,,5.141752577319588,0.23700001,14.826,28.40516100091651,1.4746391080111172,3.009078991991876,28.373015873015884,46.26757818792755,29.334973527373414,True,PE:Yahoo | FwdPE:Yahoo | PEG:Yahoo(Yahoo EPS growth) | ROIC:Computed | IC:Yahoo | ET:Yahoo,2.0211,1.7292,1.6315,0.7167,41.28090424350228,0.7387472849043264,40.003099136464904,82,27.93483039957958
EXIDEIND,EXIDEIND.NS,Consumer Discretionary,412.65,0.350752505856,350752505856.0,37.581966,22.286564,0.21437552038095237,Yahoo EPS growth,0.5198019801980198,60.00477554918815,0.45598466383126046,,17.068974795945824,8.672,11.308,44.20670759542935,1.6512291128837018,-15.005150587747806,6.71148243540276,39.793471004856286,33.1865645809163,True,PE:Yahoo | FwdPE:Yahoo | PEG:Yahoo(Yahoo EPS growth) | ROIC:Computed | IC:Yahoo | ET:Yahoo,0.552838,0.473513,0.420059,0.436451,8.198389901530124,0.0870121765750393,24.844776373062167,49,17.651355349136153
NYKAA,NYKAA.NS,Industrials,344.5,0.987085799424,987085799424.0,382.7778,117.3637,0.8802277499999998,Yahoo EPS growth,0.6666666666666669,95.84874640361693,0.8174146881658807,,6.933567971843379,5.269,82.829,33.301767693607566,1.3437675088697012,5.014483407758208,26.282996853154295,40.64094888427072,26.51237304173206,True,PE:Yahoo | FwdPE:Yahoo | PEG:Yahoo(Yahoo EPS growth) | ROIC:Computed | IC:Yahoo | ET:Yahoo,0.2782,0.264817,0.287326,0.234598,5.846769284213105,0.24486919534498233,48.77777211523793,55,34.062330687435015
FEDERALBNK,FEDERALBNK.NS,Financials,344.5,0.850940329984,850940329984.0,18.412615,12.763987,0.35360971392592605,Yahoo EPS growth,0.18048128342245984,85.10813030385984,,,,42.963,,0.0,1.4340098517660185,-1.9217081850533835,7.821873370588306,31.4111284459611,23.24449625639899,True,PE:Yahoo | FwdPE:Yahoo | PEG:Yahoo(Yahoo EPS growth) | ET:Yahoo,0.440553,0.473081,0.410235,0.377571,5.276921683001334,0.21109519963853868,24.269537633374988,91,27.442112414094595
FACT,FACT.NS,Chemicals,779.6,0.504457330688,504457330688.0,,,,—,-1.0,31.36531365313654,2.296994602630913,,0.9814122579121871,-2.9140001,295.147,14.851802967648316,-0.08038170358082708,-4.874627881407923,-13.956184968894336,-7.750562287566809,35.778470448402686,True,ROIC:Computed | IC:Yahoo | ET:Yahoo,0.12534,0.148385,0.156784,0.104277,6.324590982330158,0.1251421717580479,23.631204124030678,24,12.675524860256097
FINCABLES,FINCABLES.NS,Industrials,1424.0,0.21778563072,217785630720.0,27.248375,19.587345,0.3685194289380531,Yahoo EPS growth,0.26575729068673565,90.7175112895133,2.1096777007564516,,100.0,11.058,0.314,53.56098442049879,0.9662801003644979,14.795483720818092,35.873051370214036,67.5397217903819,54.58483316552598,True,PE:Yahoo | FwdPE:Yahoo | PEG:Yahoo(Yahoo EPS growth) | ROIC:Computed | IC:Yahoo | ET:Yahoo,0.201315,0.195108,0.159862,0.137579,13.529309299950265,0.05402670384198136,35.15905345230016,97,24.55215261820717
FSL,FSL.NS,Industrials,247.6,0.171112710144,171112710144.0,26.035751,15.603948,,—,-0.010204081632653114,25.661226786719187,0.15971704476846108,,8.758125489072333,12.354999999999999,67.135,40.927913448957156,0.3959629140836604,-9.037474283728253,1.893006626961169,9.941831500451602,47.93202875603104,True,PE:Yahoo | FwdPE:Yahoo | ROIC:Computed | IC:Yahoo | ET:Yahoo,0.2751751,0.2613044,0.2467447,0.2220934,7.404998510152883,0.042448419043927856,33.5449573678926,103,18.740001951079172
FIVESTAR,FIVESTAR.NS,Financials,551.05,0.162663677952,162663677952.0,14.726083,11.151598,,—,0.00829646017699117,64.93823394845202,0.16433746676296282,,22.24651446653452,59.126,111.929,50.0,1.3720752311342923,-0.6042634331833496,18.47689967614523,45.31008025174796,33.463430169914226,True,PE:Yahoo | FwdPE:Yahoo | ROIC:Computed | IC:Yahoo | ET:Yahoo,0.08211972,0.08095846,0.08074167,0.07743124,1.9789216300437618,0.0403524434808044,34.88102236674269,65,31.55260561998893
FORCEMOT,FORCEMOT.NS,Consumer Discretionary,17705.0,0.23328571392,233285713920.0,18.621944,,,—,-0.19121514992109412,24.21353670162059,3.001649318500065,,100.0,10.262,,55.345607385191805,-0.2669179883362476,-7.85525943966805,-4.232093831621631,-17.64670398215601,36.68334458655245,True,PE:Yahoo | ROIC:Computed | IC:Yahoo | ET:Yahoo,0.244001,0.254984,0.212856,0.20814,5.441607590471764,0.05787185378049642,51.82487739511891,22,29.455828077197037
FORTIS,FORTIS.NS,Health Care,887.8,0.670251810816,670251810816.0,64.10108,38.943447,0.42,Yahoo,-0.08568075117370892,35.851851851851855,0.2978856169597654,,7.489337164166587,16.316,34.15,41.09206411946266,0.22488759664027147,-1.3555569118923638,-9.325940545177092,3.40218772492602,21.156100682728344,True,PE:Yahoo | FwdPE:Yahoo | PEG:Yahoo(Yahoo) | ROIC:Computed | IC:Yahoo | ET:Yahoo,0.254503,0.236467,0.226501,0.233144,2.9649835020973736,0.16627128228245558,54.10289992537403,15,35.47237127736345
GAIL,GAIL.NS,Energy,173.62,1.141565292544,1141565292544.0,11.543882,9.491602,0.0976279062857143,Yahoo EPS growth,0.48611111111111105,74.76671110264711,0.9517999904795272,,15.064085544192993,14.834,27.809,52.18650175413168,0.7823551753912856,-1.0095781382333358,-1.1163900090216061,17.82659576307808,24.076243749382403,True,PE:Yahoo | FwdPE:Yahoo | PEG:Yahoo(Yahoo EPS growth) | ROIC:Computed | IC:Yahoo | ET:Yahoo,4.119761,3.557655,3.517337,3.531068,5.274207388525953,0.2831913647041897,35.15370803089523,14,39.74908884252749
GVT&D,GVT&D.NS,Industrials,4548.1,1.164525174784,1164525174784.0,89.28348,56.61948,2.2909732654804262,Yahoo EPS growth,0.12357080035180303,64.75949852884739,7.166670643571699,,100.0,24.438,0.892,74.08339585489735,0.4323237521902488,5.915791199690612,-6.4267374652936855,26.497718914721368,47.60767274700524,True,PE:Yahoo | FwdPE:Yahoo | PEG:Yahoo(Yahoo EPS growth) | ROIC:Computed | IC:Yahoo | ET:Yahoo,0.183614,0.163708,0.170064,0.133013,11.344961045885714,0.2888870883105926,77.47969241191915,1,54.105359676135876
GMRAIRPORT,GMRAIRPORT.NS,Industrials,97.98,1.034568531968,1034568531968.0,244.95001,63.644043,0.19582782461538462,Yahoo EPS growth,1.0,43.989850935616886,0.8528218845251456,,1.6274190468106777,25.013,,32.25523071776683,0.5780426870518608,-4.873783148608157,-8.864290382229745,9.769214667275584,25.332035408260435,True,PE:Yahoo | FwdPE:Yahoo | PEG:Yahoo(Yahoo EPS growth) | ROIC:Computed | IC:Yahoo | ET:Yahoo,0.396399,0.393816,0.399403,0.366999,2.6020149554452754,0.25664837251237255,41.160899544362884,78,28.743341708187465
GABRIEL,GABRIEL.NS,Consumer Discretionary,1346.4,0.258016329728,258016329728.0,76.196945,33.58803,1.2924673944,Yahoo EPS growth,0.12993762993762994,68.46947656347136,1.4762422722915585,,32.2860266629047,6.444,10.642,47.50497939179991,1.3544874808171983,-8.829903853100351,17.699179637483375,53.35142177063694,45.90764145433197,True,PE:Yahoo | FwdPE:Yahoo | PEG:Yahoo(Yahoo EPS growth) | ROIC:Computed | IC:Yahoo | ET:Yahoo,0.1425683,0.1209593,0.1178656,0.1180303,6.4984172257664286,0.06400684832385284,53.50088081189689,18,38.01052762650314
GALLANTT,GALLANTT.NS,Industrials,546.4,0.131835912192,131835912192.0,27.251873,,4.864963994814823,Yahoo EPS growth,0.028008298755186675,11.101272827891528,1.1999800712623256,,18.616316308392047,13.780999999999999,,52.47088031134111,0.15191911758811041,-7.499574551801813,-19.057842486527377,-0.9516903412768452,43.10112061260039,True,PE:Yahoo | PEG:Yahoo(Yahoo EPS growth) | ROIC:Computed | IC:Yahoo | ET:Yahoo,0.12048131,0.10735803,0.11277784,0.10721455,3.96535750083431,0.03270491152325848,66.26117750622348,11,46.271283867241976
GRSE,GRSE.NS,Industrials,2427.5,0.2780749824,278074982400.0,34.723213,27.326456,0.623162007478261,Yahoo EPS growth,0.21925643469971398,33.72355122518723,8.6162013658445,,66.11728061848122,7.48,1.424,61.537718425633805,0.20250097783086085,-5.779378512174905,-9.055145946101195,0.15265084154378883,29.293830663244634,True,PE:Yahoo | FwdPE:Yahoo | PEG:Yahoo(Yahoo EPS growth) | ROIC:Computed | IC:Yahoo | ET:Yahoo,0.18146159,0.21192125,0.18956931,0.13098694,11.477076754509197,0.06898285561963534,53.60849379549718,37,37.43570409496195
GICRE,GICRE.NS,Financials,349.4,0.61298737152,612987371520.0,6.906503,6.105786,,—,-0.19658119658119658,11.262135922330083,3.032,9.1079995,100.0,15.095,,83.68281537331778,-0.15778322136705922,1.9814935542403767,-6.287623846739521,-1.7326902420089607,23.539789364604495,True,PE:Yahoo | FwdPE:Yahoo | ROIC:ROA-proxy | IC:Yahoo | ET:Yahoo,1.447146,1.345863,1.266937,1.31066,3.357207653535932,0.15206552916507146,45.60498402483213,47,41.25326546085979
GILLETTE,GILLETTE.NS,Consumer Staples,7307.0,0.238100168704,238100168704.0,35.586617,,3.234346551257731,Yahoo EPS growth,0.055013611615245026,3.0176277263220794,2.8901522242447193,,80.91127694859038,26.795997999999997,0.002,68.8496387024745,-0.2577244207219638,-3.0223223028486457,-4.530629462067659,-7.689208230850508,18.108047017541097,True,PE:Yahoo | PEG:Yahoo(Yahoo EPS growth) | ROIC:Computed | IC:Yahoo | ET:Yahoo,0.078302,0.0792,0.079,0.081081,-1.1557858650448671,0.0590661893384295,69.51140941363775,2,55.48866449956633
GLAND,GLAND.NS,Health Care,2922.3,0.482082062336,482082062336.0,42.736183,30.307436,0.6445874193170731,Yahoo EPS growth,0.23509174311926606,91.84827022609645,2.8940594820421017,,65.61174639691454,21.003,2.738,64.03188504802709,1.9407039549652834,-1.5264876444741393,35.14379125037357,81.01423548223454,42.531331435445665,True,PE:Yahoo | FwdPE:Yahoo | PEG:Yahoo(Yahoo EPS growth) | ROIC:Computed | IC:Yahoo | ET:Yahoo,0.1800271,0.174279,0.1695363,0.1505622,6.138752262054203,0.1195914749896621,40.895551009293186,40,26.81302057736186
GLAXO,GLAXO.NS,Health Care,2828.4,0.479148015616,479148015616.0,44.84541,35.723396,2.275016271578947,Yahoo EPS growth,0.07851239669421489,71.69281425527797,9.589669778824678,,100.0,29.801,1.467,81.07458377020644,0.29614913701005885,7.945956608340454,33.25794592903415,15.812103927662058,26.561439275963266,True,PE:Yahoo | FwdPE:Yahoo | PEG:Yahoo(Yahoo EPS growth) | ROIC:Computed | IC:Yahoo | ET:Yahoo,0.093844,0.09953,0.104126,0.080517,5.23809434457152,0.11886361763435396,76.50027277686851,1,50.15712803756701
GLENMARK,GLENMARK.NS,Health Care,2419.2,0.682757914624,682757914624.0,38.02578,24.769888,,—,-0.10448451225150254,84.10738255033556,3.573656480271617,,24.230092226613966,15.718001000000001,5.646,61.18917725522211,0.2667280743262823,4.379616557996746,12.282984527474138,11.558811751260833,26.91578384239352,True,PE:Yahoo | FwdPE:Yahoo | ROIC:Computed | IC:Yahoo | ET:Yahoo,0.393173,0.3760277,0.3887999,0.6003794,-13.160102679745078,0.16937370719643244,47.82674073092714,30,25.085944103310204
MEDANTA,MEDANTA.NS,Health Care,1447.2,0.388889903104,388889903104.0,69.94683,42.876137,,—,0.0016977928692699883,83.5374149659864,1.5328821451613903,,13.23880310117255,16.700001,29.869,56.271174441225206,1.0372065585854409,3.8904333828009507,18.674742574433843,31.466875852200403,26.58722338490479,True,PE:Yahoo | FwdPE:Yahoo | ROIC:Computed | IC:Yahoo | ET:Yahoo,0.1304051,0.1159047,0.1121047,0.1099222,5.861096538922239,0.09647302970667097,50.03941356738897,24,26.246528877561836
GODIGIT,GODIGIT.NS,Financials,256.2,0.236856655872,236856655872.0,48.067547,29.043966,,—,-0.18999999999999997,8.746355685131196,,,9.254148699856266,4.7399998,7.469,46.27074349928133,-0.7021882310084472,-1.4804752034837776,-13.460556402321167,-23.442397466088003,31.27640323886321,True,PE:Yahoo | FwdPE:Yahoo | IC:Yahoo | ET:Yahoo,0.242702,0.271087,0.25704,0.223597,2.770655743308925,0.05875770755624735,57.74912355857329,21,52.23858697103413
GPIL,GPIL.NS,Industrials,244.45,0.159038537728,159038537728.0,19.462578,10.864445,0.29764052447916667,Yahoo EPS growth,0.18250950570342206,23.52464824374935,1.285174433885219,,43.47351565147132,16.206,7.582,54.86051775919763,-0.10683022803361845,0.8831659490776689,-11.338695202498506,-2.4214594551069113,30.933430219250734,True,PE:Yahoo | FwdPE:Yahoo | PEG:Yahoo(Yahoo EPS growth) | ROIC:Computed | IC:Yahoo | ET:Yahoo,0.175047,0.161027,0.113945,0.130768,10.209169621231817,0.03945314458482027,39.75355642440711,84,27.760570567484937
GODFRYPHLP,GODFRYPHLP.NS,Consumer Staples,1927.0,0.300576866304,300576866304.0,21.977646,17.19001,0.27,Yahoo,-0.22154115586690015,4.487209797153533,2.9961220796109203,,100.0,12.206,3.757,56.9521905715845,0.18525552618257066,-12.369258753979084,-12.683659869267627,-6.521928878665861,31.563592168098875,True,PE:Yahoo | FwdPE:Yahoo | PEG:Yahoo(Yahoo) | ROIC:Computed | IC:Yahoo | ET:Yahoo,0.119185,0.178116,0.18169,0.147425,-6.842715300662771,0.0745649622698718,47.12966675493354,17,37.622057854977
GODREJCP,GODREJCP.NS,Consumer Staples,865.0,0.885158772736,885158772736.0,46.30621,31.943207,1.5,Yahoo,0.05769230769230767,2.352238805970154,1.1738179429704276,,10.722005499776172,17.186001,34.899,55.19225511017249,-0.25671348589946835,-7.674247255893585,-15.922762771029152,-14.962311904541892,28.38987840125543,True,PE:Yahoo | FwdPE:Yahoo | PEG:Yahoo(Yahoo) | ROIC:Computed | IC:Yahoo | ET:Yahoo,0.421063,0.38849,0.407947,0.355134,5.8404332990610985,0.21958386652801276,58.960374001989074,8,47.06612107800894
GODREJIND,GODREJIND.NS,Financials,1126.8,0.379563769856,379563769856.0,32.258804,,1.873091845161291,Yahoo EPS growth,0.08611111111111107,54.75100171722953,4.059601163717938,,1.582439789402935,8.1,222.411,7.912198947014675,0.8217873976323281,-8.77589917655902,5.053148841680621,26.20261854055117,42.56395001661946,True,PE:Yahoo | PEG:Yahoo(Yahoo EPS growth) | ROIC:Computed | IC:Yahoo | ET:Yahoo,0.544809,0.769372,0.505119,0.503214,2.6826778450963262,0.09415946917783907,54.80510985951567,30,61.969371166074694
GODREJPROP,GODREJPROP.NS,Real Estate,1748.0,0.52654391296,526543912960.0,32.89424,15.667205,,—,-0.20833333333333337,34.20479302832244,6.355295147523905,,4.394628099173554,-62.25000000000001,82.119,34.01808587212599,0.7398511512301886,-13.806706114398427,-2.1204077040413605,11.350912526535971,34.003621673229176,True,PE:Yahoo | FwdPE:Yahoo | ROIC:Computed | IC:Yahoo | ET:Yahoo,0.050617,0.345813,0.049836,0.043456,5.216104314532655,0.13062125334550598,34.53970581691065,9,24.407040989930646
GRANULES,GRANULES.NS,Health Care,909.3,0.225321746432,225321746432.0,33.77786,22.89604,1.0,Yahoo,0.17472118959107807,98.62725698738559,0.08221971976362576,,16.43847909171088,17.556,29.735,48.730315690158896,2.0840532815014856,6.034633634965836,21.760433061953123,62.076513361655984,26.890809474081195,True,PE:Yahoo | FwdPE:Yahoo | PEG:Yahoo(Yahoo) | ROIC:Computed | IC:Yahoo | ET:Yahoo,0.1464973,0.1457431,0.137802,0.1294674,4.205281554714868,0.05589620960480457,35.40554790665967,42,23.21351983638292
GRAPHITE,GRAPHITE.NS,Industrials,825.8,0.161341161472,161341161472.0,75.76147,16.244179,0.12935792238289207,Yahoo EPS growth,0.6278772378516624,86.44422727907299,3.8548008080409555,,15.643262987012987,14.371,6.295,60.64574169940712,0.3629435818652447,13.707399351871775,26.312951871820502,29.29618433156471,42.950986761024495,True,PE:Yahoo | FwdPE:Yahoo | PEG:Yahoo(Yahoo EPS growth) | ROIC:Computed | IC:Yahoo | ET:Yahoo,0.0842,0.0816,0.0642,0.0729,4.920782538313517,0.04002436303787121,33.88970901855276,102,23.665748258524413
GRASIM,GRASIM.NS,Materials,3281.9,2.225957502976,2225957502976.0,39.21496,21.73056,0.4246691137254902,Yahoo EPS growth,0.25585284280936454,85.78032137354174,0.25600623648029963,,7.417140294891803,18.809,135.044,42.61052717894808,1.0693755827608753,-0.7830021797584408,4.032987404440558,23.157522000656883,22.387386215240245,True,PE:Yahoo | FwdPE:Yahoo | PEG:Yahoo(Yahoo EPS growth) | ROIC:Computed | IC:Yahoo | ET:Yahoo,4.87162,5.110111,4.431197,4.011808,6.686898085980997,0.5521996395287281,40.87795483553687,20,46.22162353486447
GRAVITA,GRAVITA.NS,Materials,1668.2,0.12150652928,121506529280.0,30.961393,21.836273,1.5626964085474866,Yahoo EPS growth,0.06986729117876656,62.05350239678368,2.6223458615832884,,20.075245831551946,9.678,29.934,53.89228246957092,0.7879667882206524,-8.325548390680282,0.2584245864968082,17.47886980083626,32.74810382527264,True,PE:Yahoo | FwdPE:Yahoo | PEG:Yahoo(Yahoo EPS growth) | ROIC:Computed | IC:Yahoo | ET:Yahoo,0.147506,0.117276,0.101707,0.103994,12.357086131198658,0.030142471983000057,53.95140012392886,11,61.004062354391245
GESHIP,GESHIP.NS,Industrials,1412.2,0.200212529152,200212529152.0,5.390899,7.3763385,0.058941229144426996,Yahoo EPS growth,0.62573673870334,53.34381424597896,3.425371514020916,,28.372704872426674,54.431,6.409,81.10424941754596,-0.25996716367424927,8.731128586426218,0.6198228863756094,-1.5554232607027818,39.56865821722977,True,PE:Yahoo | FwdPE:Yahoo | PEG:Yahoo(Yahoo EPS growth) | ROIC:Computed | IC:Yahoo | ET:Yahoo,0.200536,0.15114,0.145444,0.124178,17.322838679106244,0.04966729431224967,41.125973431058185,79,28.718952221554062
FLUOROCHEM,FLUOROCHEM.NS,Chemicals,4773.2,0.524336037888,524336037888.0,85.464645,43.426655,1.8349449301813454,Yahoo EPS growth,0.11833231146535877,90.90731038534986,0.21828153086772442,,14.061288917918572,19.709998000000002,28.94,51.67487234032023,1.5894225934790538,4.5424766633892055,29.527016059842982,49.85088130295809,28.50620396706094,True,PE:Yahoo | FwdPE:Yahoo | PEG:Yahoo(Yahoo EPS growth) | ROIC:Computed | IC:Yahoo | ET:Yahoo,0.1588,0.1369,0.1136,0.121,9.485105852537856,0.13007353946630887,66.67501631513527,5,59.60627471094815
GMDCLTD,GMDCLTD.NS,Materials,575.35,0.182961291264,182961291264.0,19.12097,16.774052,,—,-0.3245733788395905,35.66284779050738,4.5432125506748555,,100.0,17.395,4.475,64.4529348357174,0.3638316182702249,-3.017281822850826,-7.104222448442609,8.813234153368787,32.51645921392367,True,PE:Yahoo | FwdPE:Yahoo | ROIC:Computed | IC:Yahoo | ET:Yahoo,0.090664,0.081405,0.057915,0.052758,19.779414008169695,0.045387730425498936,48.42045678930518,15,43.800080196884785
HEG,HEG.NS,Industrials,237.2,0.045774270464,45774270464.0,12.691278,7.7600865,,—,-0.07335127860026917,0.0,-6.563766079613428,,24.326766679342025,14.834,16.73,45.695,0.12217789302700731,-65.47307176881483,-55.93188891386075,-51.911968600296596,110.99473753014031,True,PE:Yahoo | FwdPE:Yahoo | ROIC:Computed | IC:Yahoo | ET:Yahoo,0.068079,0.060321,0.065633,0.069922,-0.8864324645104116,0.01135535409643615,36.17003609473312,93,20.20651090869119
HBLENGINE,HBLENGINE.NS,Industrials,722.2,0.20019019776,200190197760.0,25.637203,,,—,-0.3586360894977423,21.453831041257377,2.5369659222055243,,100.0,21.051000000000002,3.021,63.1382482297972,0.16215149358467373,4.350799616903522,-9.560032750167158,9.825849474349946,33.765028840683556,True,PE:Yahoo | ROIC:Computed | IC:Yahoo | ET:Yahoo,0.063803,0.060412,0.087404,0.12229,-19.496137445469596,0.049661754500013325,53.39724429638316,38,29.83054804100758
HCLTECH,HCLTECH.NS,Information Technology,1206.1,3.263425150976,3263425150976.0,18.760303,15.05717,2.39,Yahoo,0.12296912428060347,23.476869750699898,-18.789287906836343,24.067,32.352128883774455,16.877002,7.058,47.39750166666667,0.18096764145892177,-11.963505431683396,5.126266481886876,-6.312081324128494,31.228920606990012,True,PE:Yahoo | FwdPE:Yahoo | PEG:Yahoo(Yahoo) | ROIC:Computed | IC:Yahoo | ET:Yahoo,3.4579,3.3981,3.3872,,,0.8095672040408051,52.74944742130849,12,59.64498738230055
HDBFS,HDBFS.NS,Financials,669.2,0.554401792,554401792000.0,20.0,14.163683,0.3437268510690767,Yahoo EPS growth,0.20603108188882244,46.3384865744508,4.032900950906116,,2.8339789722658897,42.416,484.313,14.16989486132945,0.273170571708829,-2.292307146647099,-5.417366888302033,4.444956309375092,24.66321102553976,True,PE:Yahoo | FwdPE:Yahoo | PEG:Yahoo(Yahoo EPS growth) | ROIC:Computed | IC:Yahoo | ET:Yahoo,0.49262,0.47386,0.46663,,,0.13753203701651337,32.97115768018701,73,37.28123004033952
HDFCAMC,HDFCAMC.NS,Financials,2403.9,1.030817579008,1030817579008.0,35.026955,27.396505,1.6787858355839407,Yahoo EPS growth,0.08159618820726629,26.035580647278955,,,100.0,80.197996,2.364,50.0,0.14989723951561038,-3.4578352472389606,-8.34953708314632,1.131258992185069,30.614934966471612,True,PE:Yahoo | FwdPE:Yahoo | PEG:Yahoo(Yahoo EPS growth) | IC:Yahoo | ET:Yahoo,0.109972,0.105151,0.10751,,,0.25571786289139725,68.59937206905425,8,77.56685390110172
HDFCBANK,HDFCBANK.NS,Financials,708.25,10.914841493504,10914841493504.0,15.480874,11.313898,0.89,Yahoo,0.18415300546448088,7.782043709391619,1.7500000000000002,13.838000000000001,,33.291999,,39.272007977265034,-0.4502402560725252,-2.310344827586208,-8.273153563290315,-11.877106347250422,21.248125618787824,True,PE:Yahoo | FwdPE:Yahoo | PEG:Yahoo(Yahoo) | ROIC:ROA-proxy | ET:Yahoo,8.534646,9.530589,6.527966,,,2.707675923807202,46.97735382819537,42,53.118351249395445
HDFCLIFE,HDFCLIFE.NS,Financials,530.0,1.151186108416,1151186108416.0,57.797165,44.3616,4.040074285714282,Yahoo EPS growth,0.05490196078431378,7.390700902151289,0.377,10.828,9.583369783920917,2.1870000000000003,15.885,83.88771099450601,-0.5936549791505017,-1.4961412462788148,-7.400943978206664,-14.99975968778794,22.746576573538228,True,PE:Yahoo | FwdPE:Yahoo | PEG:Yahoo(Yahoo EPS growth) | ROIC:ROA-proxy | IC:Yahoo | ET:Yahoo,3.372679,1.981538,2.942085,2.946958,4.60048238993247,0.2855780279937574,88.43902855273586,1,100.0
HFCL,HFCL.NS,Communication Services,233.69,0.357607309312,357607309312.0,61.015667,44.940388,0.05781804304093567,Yahoo EPS growth,1.0,88.3126777732629,0.9518765702177557,,4.748661800486618,18.948999,38.321,38.11158776905206,3.9422077713960744,2.784131691617575,23.658592297952865,224.70473597016172,56.29348252234667,True,PE:Yahoo | FwdPE:Yahoo | PEG:Yahoo(Yahoo EPS growth) | ROIC:Computed | IC:Yahoo | ET:Yahoo,0.191498,0.182412,0.121079,0.087102,30.03054169610364,0.0887126672593326,29.268497152923533,10,20.434385508350722
HAVELLS,HAVELLS.NS,Consumer Discretionary,1111.0,0.697220988928,697220988928.0,42.73077,34.054142,0.2,Yahoo,-0.08288288288288288,2.8195846827967155,3.9295870387326093,,66.74791273902505,5.302,2.801,53.2366323405786,-0.2504940065641506,-12.173913043478258,-5.131925270160442,-17.537820447364417,21.413316340215438,True,PE:Yahoo | FwdPE:Yahoo | PEG:Yahoo(Yahoo) | ROIC:Computed | IC:Yahoo | ET:Yahoo,0.651819,0.67052,0.558789,0.545535,6.112887426707769,0.17296160337435518,64.21208752114873,4,45.62046997430591
HEROMOTOCO,HEROMOTOCO.NS,Consumer Discretionary,5221.5,1.045037252608,1045037252608.0,19.202337,16.035471,2.0248651700965223,Yahoo EPS growth,0.03959639198899256,32.032615026208504,4.22451638920956,,100.0,11.628000400000001,3.57,59.07233771574659,0.5308324478948742,-10.743589743589743,5.313149489547508,1.7730476204615986,23.57926199441774,True,PE:Yahoo | FwdPE:Yahoo | PEG:Yahoo(Yahoo EPS growth) | ROIC:Computed | IC:Yahoo | ET:Yahoo,1.312635,1.297828,1.248682,1.221839,2.4180883948394793,0.2592453779610418,60.686776862348914,9,43.115858533244946
HEXT,HEXT.NS,Information Technology,497.05,0.30309711872,303097118720.0,22.77956,17.806087,,—,-0.06719999999999998,23.763955342902715,-23.882610208990222,21.473,42.742,13.739,10.18,44.7825,1.0097397851089107,-13.488817621892647,-0.5402725776951001,23.117271123510697,36.25299238997005,True,PE:Yahoo | FwdPE:Yahoo | ROIC:Computed | IC:Yahoo | ET:Yahoo,0.38452,0.3613,0.34782,0.32607,5.649966429101094,0.07519016848956647,36.578179128692234,22,33.08781629764809
HSCL,HSCL.NS,Chemicals,664.9,0.335491366912,335491366912.0,41.84393,32.2767,1.3652673103448283,Yahoo EPS growth,0.11820652173913038,61.446384039900245,-2.7622873514214685,,16.43154755724935,20.380000000000003,16.169,50.31666666666666,1.5530503827928905,-14.553748820515155,-3.52582521221273,51.715160399633554,42.67016057841963,True,PE:Yahoo | FwdPE:Yahoo | PEG:Yahoo(Yahoo EPS growth) | ROIC:Computed | IC:Yahoo | ET:Yahoo,0.143188,0.128776,0.118362,0.111829,8.588556651387002,0.08322630222101059,57.70854748314776,9,51.59041158973764
HINDALCO,HINDALCO.NS,Materials,981.5,2.178770141184,2178770141184.0,13.315697,8.830986,0.18430259149560124,Yahoo EPS growth,0.2395784543325526,56.19862628082423,1.115159666515676,,11.785627653123106,13.668999000000001,72.598,51.995890677588115,0.39196603449230827,-8.993973110802045,-2.690582552606935,1.7396446611901206,27.384050727494337,True,PE:Yahoo | FwdPE:Yahoo | PEG:Yahoo(Yahoo EPS growth) | ROIC:Computed | IC:Yahoo | ET:Yahoo,8.4825,7.8133,6.6521,6.6058,8.692476128138704,0.5404937358279533,30.290320779238755,25,34.249947421320606
HAL,HAL.NS,Industrials,4905.0,3.280341303296,3280341303296.0,35.211773,28.519903,,—,-0.023838141025641052,85.34235096959543,7.746984622102805,,100.0,15.674,0.16,67.4464182418121,1.0028783252794344,-1.602819374491693,14.709066244010716,22.460182526556814,23.993939538322135,True,PE:Yahoo | FwdPE:Yahoo | ROIC:Computed | IC:Yahoo | ET:Yahoo,0.551517,1.39424,0.76988,0.662861,-5.945666112178671,0.8137636422930306,47.33721914499805,62,26.445094844121314
HINDCOPPER,HINDCOPPER.NS,Materials,514.5,0.497533845504,497533845504.0,43.861893,24.855072,0.3250278646153847,Yahoo EPS growth,0.3823529411764705,49.24555601488218,1.9214833793880792,,100.0,48.891996999999996,3.319,77.07334001835137,0.2423347976325883,-5.500966394623297,0.5373717635564157,3.6671393622164317,37.832394878509334,True,PE:Yahoo | FwdPE:Yahoo | PEG:Yahoo(Yahoo EPS growth) | ROIC:Computed | IC:Yahoo | ET:Yahoo,0.09365,0.115608,0.068734,0.071804,9.257950051892895,0.1234246430011979,61.61659805707518,6,69.67127417092041
HINDPETRO,HINDPETRO.NS,Energy,352.0,0.748993511424,748993511424.0,44.840763,6.088859,,—,-1.0,18.621586475942788,-4.37456845869881,,10.890898917128196,-12.848,85.369,33.333333333333336,0.19729029452367866,-5.794190887229689,-7.880875408080867,0.375487721548029,31.27208372653748,True,PE:Yahoo | FwdPE:Yahoo | ROIC:Computed | IC:Yahoo | ET:Yahoo,13.997751,11.440785,11.462345,11.026769,8.277111691297169,0.1858049609953171,30.859917045875584,15,27.915202191506594
HINDUNILVR,HINDUNILVR.NS,Consumer Staples,1927.0,4.527662563328,4527662563328.0,42.736748,36.158607,3.69,Yahoo,-0.014919011082693931,0.10796221322536502,1.275407938424122,,38.28780487804878,20.724999999999998,3.016,58.58477638712367,-0.10248778831471438,-6.592341250605916,-9.716599282902227,-8.905387421405864,22.56899293891641,True,PE:Yahoo | FwdPE:Yahoo | PEG:Yahoo(Yahoo) | ROIC:Computed | IC:Yahoo | ET:Yahoo,1.7184,1.6207,1.6235,1.5579,3.3224975527758716,1.1231901921015224,66.67021089564354,3,53.2206294723451
HINDZINC,HINDZINC.NS,Materials,576.45,2.435685023744,2435685023744.0,14.265034,13.005208,0.0899314383267974,Yahoo EPS growth,0.7230623818525519,45.52887961029924,2.801089123997165,,30.22309711286089,54.706999999999994,39.034,79.62815582132693,0.20184066456382457,-0.3285144737805834,2.1531144208566166,6.347001149772535,33.0731948290937,True,PE:Yahoo | FwdPE:Yahoo | PEG:Yahoo(Yahoo EPS growth) | ROIC:Computed | IC:Yahoo | ET:Yahoo,1.3033,1.2692,1.0627,0.7591,19.742540470168436,0.6042273450049149,43.91332497911445,19,49.65378487047615
POWERINDIA,POWERINDIA.NS,Industrials,31435.0,1.401132285952,1401132285952.0,121.94981,62.643753,0.5073697273971477,Yahoo EPS growth,0.6173383000338637,67.58401693569728,6.594871662297179,,100.0,15.841,1.663,66.21462476117317,0.8951248736160032,-12.171769360090767,-9.374535462510414,26.376632157668634,43.06483112466402,True,PE:Yahoo | FwdPE:Yahoo | PEG:Yahoo(Yahoo EPS growth) | ROIC:Computed | IC:Yahoo | ET:Yahoo,0.244142,0.270735,0.202131,0.142935,19.536711481375434,0.3475828905989223,56.76664725602509,29,39.641095257150006
HOMEFIRST,HOMEFIRST.NS,Financials,1184.5,0.123850686464,123850686464.0,21.411787,15.051221,0.48604633560773464,Yahoo EPS growth,0.15483319076133453,68.58490566037734,0.043507207192122754,,17.149280855703825,66.038,243.944,50.0,0.4056231612718127,0.2793810501643623,6.185567010309279,12.99236662377188,31.341863057687675,True,PE:Yahoo | FwdPE:Yahoo | PEG:Yahoo(Yahoo EPS growth) | ROIC:Computed | IC:Yahoo | ET:Yahoo,0.0485388,0.0453778,0.0448918,0.0413634,5.4769593990258825,0.030723993755213976,45.610822520618136,46,51.57318354466158
HONASA,HONASA.NS,Consumer Staples,471.15,0.15360630784,153606307840.0,61.749672,44.463005,0.3448733080128205,Yahoo EPS growth,0.6446280991735538,85.21423106350422,4.472347572731917,,24.326305373725074,13.189,9.586,60.82304096349626,2.537865974489518,-1.1193327478963733,18.402446483180434,76.27192974443804,30.49462157192969,True,PE:Yahoo | FwdPE:Yahoo | PEG:Yahoo(Yahoo EPS growth) | ROIC:Computed | IC:Yahoo | ET:Yahoo,0.0755946,0.0657084,0.0601541,0.0538063,12.000307457525716,0.038105555791242515,48.41286258513997,14,38.64639074522045
HONAUT,HONAUT.NS,Industrials,34580.0,0.305941676032,305941676032.0,55.555553,41.657635,1.2486457829817974,Yahoo EPS growth,0.16681125891652204,54.72995090016367,3.346523669811792,,84.11340206185567,13.202,2.476,58.598073620082715,0.5621591198509667,-8.080808080808078,-3.4179907514539143,13.141181406206526,37.75085867617115,True,PE:Yahoo | FwdPE:Yahoo | PEG:Yahoo(Yahoo EPS growth) | ROIC:Computed | IC:Yahoo | ET:Yahoo,0.12044,0.11807,0.11687,0.11831,0.5965525076466527,0.07589582595167219,63.817306115630096,15,44.56468777123151
HUDCO,HUDCO.NS,Financials,172.76,0.345848250368,345848250368.0,8.129882,7.1983333,0.365058331642857,Yahoo EPS growth,0.09859154929577468,15.663062037564021,,,,90.609,645.775,0.0,0.488670835677925,-10.1981217430259,-17.659087355410662,2.1956819116244697,25.362274049886054,True,PE:Yahoo | FwdPE:Yahoo | PEG:Yahoo(Yahoo EPS growth) | ET:Yahoo,0.11763,0.074454,0.081755,0.10384,4.244017192738236,0.08579556389981538,24.514183179760415,89,27.718738639403647
HYUNDAI,HYUNDAI.NS,Consumer Discretionary,2174.0,1.766464421888,1766464421888.0,35.715458,23.785557,,—,-0.17537091988130568,41.883116883116884,6.011940286102094,,89.6390746515385,5.844,5.484,57.108611028416966,0.4313671585139475,-2.8206202182172513,11.14403591326083,8.759225452239061,26.844523144387445,True,PE:Yahoo | FwdPE:Yahoo | ROIC:Computed | IC:Yahoo | ET:Yahoo,1.6096501,1.8437909,1.7617806,1.6179616,-0.17152802779074605,0.4382118776763519,48.27677229934747,29,27.43918319632147
ICICIBANK,ICICIBANK.NS,Financials,1379.3,9.900202655744,9900202655744.0,17.822718,14.673405,0.53,Yahoo,0.10731360640909678,65.56087551299589,2.1070002,16.073999,,38.509998,,41.315773924745315,0.7468437575215253,-1.9547909472215075,4.244037801292833,10.848592327555107,17.1433223426355,True,PE:Yahoo | FwdPE:Yahoo | PEG:Yahoo(Yahoo) | ROIC:ROA-proxy | ET:Yahoo,3.836574,3.574234,3.52926,3.460487,3.4988328750762188,2.4559715674958853,44.93927700647205,49,50.81385191796281
ICICIGI,ICICIGI.NS,Financials,1459.8,0.729320194048,729320194048.0,30.211094,21.009403,,—,-0.23173970783532538,2.591757887958775,2.6500002,14.63,41.19035588752197,7.438000000000001,,90.02915533352385,-0.368592868603704,-10.715593343845564,-15.8179995743976,-21.018552910985232,27.95214027381791,True,PE:Yahoo | FwdPE:Yahoo | ROIC:ROA-proxy | IC:Yahoo | ET:Yahoo,0.712419,0.677579,0.690474,0.642403,3.5084910987290385,0.18092454492769794,64.94597724085921,13,58.74870251622646
ICICIAMC,ICICIAMC.NS,Financials,3041.5,1.503287312384,1503287312384.0,43.28921,32.54808,0.986281207795787,Yahoo EPS growth,0.16500405636208365,47.317298797409805,,,100.0,73.660004,4.066,50.0,0.34128170570001665,-3.3523991102637485,-6.282735825452457,6.0287074498412085,27.48786824322444,True,PE:Yahoo | FwdPE:Yahoo | PEG:Yahoo(Yahoo EPS growth) | IC:Yahoo | ET:Yahoo,0.156422,0.151701,0.151467,0.140228,3.710094859651303,0.372924779964007,63.05745192697069,15,71.30048006957672
ICICIPRULI,ICICIPRULI.NS,Financials,471.5,0.684043730944,684043730944.0,40.472103,33.112164,1.2141126799999993,Yahoo EPS growth,0.13636363636363644,6.441351888667988,0.34400001,12.570999999999998,9.484079415620903,1.6400000000000001,18.052,85.3928036102692,-0.45484991491324617,-6.891784027868386,-3.0134719902112694,-20.20637734931122,29.272498212915654,True,PE:Yahoo | FwdPE:Yahoo | PEG:Yahoo(Yahoo EPS growth) | ROIC:ROA-proxy | IC:Yahoo | ET:Yahoo,2.851271,0.313035,2.283407,2.539506,3.935302540527763,0.16969268332578571,78.197800880907,5,88.42001338162363
IDBI,IDBI.NS,Financials,83.43,0.897072955392,897072955392.0,9.622837,17.026531,0.51,Yahoo,0.02659574468085109,39.07965835802686,2.199,13.874,,15.577,,39.30729151749793,-0.2131868955692869,0.6636137427419309,8.139985294997487,-9.492297647029513,47.638535017133435,True,PE:Yahoo | FwdPE:Yahoo | PEG:Yahoo(Yahoo) | ROIC:ROA-proxy | ET:Yahoo,0.458058,0.42615498,0.448912,0.464723,-0.48036638290051004,0.22253945187010793,55.60249076645821,26,62.870987703469225
IDFCFIRSTB,IDFCFIRSTB.NS,Financials,86.21,0.743319601152,743319601152.0,33.285713,12.763607,0.11145684985915492,Yahoo EPS growth,0.5725806451612904,91.68839634941325,,,,33.398,,0.0,1.7042366047313549,-0.39284108064309153,11.56549463356531,38.1864445975268,22.63728262323722,True,PE:Yahoo | FwdPE:Yahoo | PEG:Yahoo(Yahoo EPS growth) | ET:Yahoo,0.828372,0.730747,0.761754,0.716002,4.979312701430261,0.1843974178581602,15.206904601694566,100,17.194789280873596
IFCI,IFCI.NS,Financials,82.29,0.221715120128,221715120128.0,124.681816,23.377842,,—,-0.3867924528301887,58.85425167292314,,,,117.94,,0.0,0.5467360937167814,7.34411294608468,-7.331083234801305,43.8384936766441,66.74953629358176,True,PE:Yahoo | FwdPE:Yahoo | ET:Yahoo,0.022324,0.034052,0.033715,0.06178,-28.77353839462956,0.05500150350986745,39.90010653978019,59,36.09275876746014
IIFL,IIFL.NS,Financials,600.6,0.255428902912,255428902912.0,12.239657,7.9264326,0.04192303947398845,Yahoo EPS growth,0.9453551912568304,64.71781007096993,,,,42.165002,447.421,0.0,0.8158991071657957,-5.558618750302924,13.728461153507876,25.793268453306915,38.42618153182872,True,PE:Yahoo | FwdPE:Yahoo | PEG:Yahoo(Yahoo EPS growth) | ET:Yahoo,0.217282,0.207571,0.198302,0.16705,9.15888477917468,0.06336497795876637,8.525487153431015,103,9.639960199638894
IRB,IRB.NS,Industrials,19.64,0.237211910144,237211910144.0,25.179487,13.873681,0.1181832085185185,Yahoo EPS growth,0.5869565217391305,16.955684007707116,0.29884625481427657,,1.8797195106515825,22.489999,95.6,27.5455197293529,-0.2696419005871392,2.2384191862005354,-7.563829065255145,-5.031076288509184,26.95981395651253,True,PE:Yahoo | FwdPE:Yahoo | PEG:Yahoo(Yahoo EPS growth) | ROIC:Computed | IC:Yahoo | ET:Yahoo,0.1700544,0.1526444,0.148988,0.1447606,5.514586087776108,0.05884583649881574,25.86842704336953,108,18.064353456597836
IRCON,IRCON.NS,Industrials,113.26,0.106522812416,106522812416.0,17.238964,14.709091,0.4158146878846154,Yahoo EPS growth,0.17687074829931973,0.9226770630279506,3.06271953958368,,3.2530605959500036,8.193,85.833,31.278663064025867,-0.12184692338335187,-10.039713452307042,-18.471059869658834,-13.02411221431955,24.493016968701482,True,PE:Yahoo | FwdPE:Yahoo | PEG:Yahoo(Yahoo EPS growth) | ROIC:Computed | IC:Yahoo | ET:Yahoo,0.195583,0.318898,0.211904,0.197675,-0.3540194083420434,0.026425418517226622,35.8815102288586,94,25.05665621817426
ITCHOTELS,ITCHOTELS.NS,Industrials,153.69,0.320137166848,320137166848.0,37.033733,26.377396,0.652913630127999,Yahoo EPS growth,0.2019975903614457,14.805781391147235,1.2895986760751132,,100.0,20.086999,0.634,58.113458574861276,0.3074055244306896,-7.9645503408898755,-2.54898490985066,1.0303518519020116,29.26070443740499,True,PE:Yahoo | FwdPE:Yahoo | PEG:Yahoo(Yahoo EPS growth) | ROIC:Computed | IC:Yahoo | ET:Yahoo,0.09288,0.124388,0.122427,0.083204,3.7351646180326936,0.07941734192897568,52.069832944397,44,36.361231595435626
ITC,ITC.NS,Consumer Staples,259.85,3.25586386944,3255863869440.0,16.394321,15.436719,1.78,Yahoo,-0.08114558472553705,2.5453481568168654,2.541088966084834,,100.0,24.867001,3.293,66.32955780127732,-0.26386411370947843,-6.696586677373206,-10.903476241544363,-11.45159539198648,18.02067226105884,True,PE:Yahoo | FwdPE:Yahoo | PEG:Yahoo(Yahoo) | ROIC:Computed | IC:Yahoo | ET:Yahoo,1.900089,1.762889,1.991824,2.137293,-3.8454233431729046,0.8076914553200985,59.02936783343904,7,47.12119657709839
ITI,ITI.NS,Communication Services,262.85,0.253085646848,253085646848.0,78.22917,,1.8579427875000003,Yahoo EPS growth,0.21052631578947364,19.028340080971674,1.381399198104473,,0.492865485197786,-2.5220001,40.144,10.065438303690362,0.44051986968055046,-7.283948464368384,-12.891464423027132,1.5060798272395148,19.95376121849423,True,PE:Yahoo | PEG:Yahoo(Yahoo EPS growth) | ROIC:Computed | IC:Yahoo | ET:Yahoo,0.042503,0.062765,0.051465,0.05434,-7.863159207846104,0.06278367972996625,58.13414757036475,3,40.5875155272031
INDGN,INDGN.NS,Health Care,578.35,0.139271274496,139271274496.0,34.84036,21.279373,,—,-0.0020576131687243273,81.56327543424318,2.0783511443185008,,41.1,12.2379996,5.043,54.44603539306735,1.329572654553597,1.500524390336655,12.662784451449838,35.326576872498606,25.441296770291217,True,PE:Yahoo | FwdPE:Yahoo | ROIC:Computed | IC:Yahoo | ET:Yahoo,0.10631,0.10034,0.09421,0.07608,11.798129671134294,0.03454942310020684,34.53695107479423,45,18.115221964117563
INDIACEM,INDIACEM.NS,Materials,346.9,0.161254801408,161254801408.0,116.40939,20.64881,0.17167324593023253,Yahoo EPS growth,0.6013986013986015,3.1718368769605823,0.4080701930664991,,3.983447335726813,8.218,12.888,23.448383806754205,0.19907503849188476,-10.012971751884725,-12.032461385223304,-5.205634014235139,24.148370253087034,True,PE:Yahoo | FwdPE:Yahoo | PEG:Yahoo(Yahoo EPS growth) | ROIC:Computed | IC:Yahoo | ET:Yahoo,0.101942,0.122865,0.111426,0.102474,-0.17335236297520984,0.040002939449978486,40.47927837125043,21,45.770831084053334
INDIAMART,INDIAMART.NS,Industrials,1695.0,1.019418771456,1019418771456.0,20.703554,16.292442,0.6017612703346616,Yahoo EPS growth,0.1353729693416392,7.053322721846405,-1.14111753185104,23.146,100.0,33.808997000000005,0.974,61.5074975,-0.5525757804252672,-5.020731637997422,-14.875366404416312,-16.96670724614594,21.61871010516384,True,PE:Yahoo | FwdPE:Yahoo | PEG:Yahoo(Yahoo EPS growth) | ROIC:Computed | IC:Yahoo | ET:Yahoo,0.041437,0.04043,0.0401594,,,0.2528901281242885,52.37214914685013,42,36.57234403484348
INDIANB,INDIANB.NS,Financials,853.5,1.149633691648,1149633691648.0,8.992729,7.7787905,0.16391715642144633,Yahoo EPS growth,0.23727810650887585,52.35940530058178,1.34000005,16.171,,48.043,,41.39826017141416,0.023773447133843516,-4.8494983277591945,0.4590424348085431,-4.168657478641091,28.638709619391673,True,PE:Yahoo | FwdPE:Yahoo | PEG:Yahoo(Yahoo EPS growth) | ROIC:ROA-proxy | ET:Yahoo,1.034052,0.988927,0.969188,0.898151,4.808781931226114,0.28519291552932724,28.631509848018673,85,32.37429256806661
IEX,IEX.NS,Financials,113.88,0.10127351808,101273518080.0,19.943958,18.172329,1.544647965000001,Yahoo EPS growth,0.05882352941176467,1.8616458641844622,8.37088632259201,,100.0,83.748,0.818,50.0,0.23093788767876924,-9.258966331937879,-7.841711147800645,-3.7993152865626323,23.641209765326728,True,PE:Yahoo | FwdPE:Yahoo | PEG:Yahoo(Yahoo EPS growth) | ROIC:Computed | IC:Yahoo | ET:Yahoo,0.01578767,0.01743027,0.0145668,0.01417514,3.6565844317208995,0.025123211068861583,63.82263642045472,14,72.16569139765882
INDHOTEL,INDHOTEL.NS,Industrials,718.5,1.0393862144,1039386214400.0,47.614315,38.42579,1.8587358883720941,Yahoo EPS growth,0.10336538461538454,67.45770160404308,1.3606800658105478,,15.149771772043206,24.399,18.987,62.00356330393976,0.8460619529515625,-0.4502944232767536,3.931433652764116,18.340564645518253,22.209790906258604,True,PE:Yahoo | FwdPE:Yahoo | PEG:Yahoo(Yahoo EPS growth) | ROIC:Computed | IC:Yahoo | ET:Yahoo,0.233919,0.276529,0.284196,0.204108,4.649017946500078,0.25784350876216955,65.34413453579894,14,45.63089748716313
IOC,IOC.NS,Energy,135.11,1.907920601088,1907920601088.0,5.528232,7.228636,,—,-0.6191919191919192,8.324821246169584,0.8574611600517911,,10.942528854094068,-0.13,58.446,39.343941903115415,-0.37405225562662325,-3.664883700284094,-6.061477931223469,-12.920536589021381,24.74427770321007,True,PE:Yahoo | FwdPE:Yahoo | ROIC:Computed | IC:Yahoo | ET:Yahoo,26.640728,20.828926,20.515737,19.234065,11.47008604257338,0.47330331633091705,43.52869463173572,13,39.37509974414042
IOB,IOB.NS,Financials,33.07,0.636815409152,636815409152.0,11.097315,36.744446,0.8005040021428571,Yahoo EPS growth,0.2295081967213115,17.641509433962277,1.33299995,16.525999,,37.078997,,41.696215871673886,0.179070012447322,-1.9567146645989908,-2.8210376694362327,1.410607408350173,18.80450013337519,True,PE:Yahoo | FwdPE:Yahoo | PEG:Yahoo(Yahoo EPS growth) | ROIC:ROA-proxy | ET:Yahoo,0.584785,0.476062,0.479773,0.422858,11.412492669719043,0.15797661856074766,59.000705078161566,19,66.71342510617883
IRCTC,IRCTC.NS,Industrials,462.9,0.370319982592,370319982592.0,26.588167,20.665178,,—,-0.01752336448598135,0.2709048221058335,5.0619744077337785,,100.0,27.33,1.874,73.60049283158004,-0.19961057019262943,-9.86271932634205,-10.628442323222242,-13.750701813302479,19.477838689646664,True,PE:Yahoo | FwdPE:Yahoo | ROIC:Computed | IC:Yahoo | ET:Yahoo,0.13695293,0.14597195,0.14494725,0.11459901,6.119897233639837,0.0918663364526021,52.19260026047126,43,29.157569645603438
IRFC,IRFC.NS,Financials,81.09,1.059725115392,1059725115392.0,14.770492,11.108218,1.1450009323076935,Yahoo EPS growth,0.048507462686567124,1.7347117574908169,0.02792750471289953,,1.67270815332153,97.759,773.347,8.363540766607649,-0.47199854054451024,-8.123731729886941,-16.470957140061625,-17.98320992958764,20.888789588896906,True,PE:Yahoo | FwdPE:Yahoo | PEG:Yahoo(Yahoo EPS growth) | ROIC:Computed | IC:Yahoo | ET:Yahoo,0.824203,0.733575,0.665712,0.690107,6.0976878184230365,0.2628890380596415,47.51822077978593,39,53.72992168435115
IREDA,IREDA.NS,Financials,111.71,0.313819234304,313819234304.0,15.890469,11.341116,0.344013852,Yahoo EPS growth,0.1648351648351648,5.594149908592301,0.025685983514697676,,2.2294573704333884,85.359,565.671,11.147286852166943,0.10555563211754677,-4.212715038961445,-10.856703430482451,-1.566804482949613,25.066502875614873,True,PE:Yahoo | FwdPE:Yahoo | PEG:Yahoo(Yahoo EPS growth) | ROIC:Computed | IC:Yahoo | ET:Yahoo,0.223626,0.215085,0.212138,0.192444,5.133060395567046,0.0778500343461942,32.45444354691409,76,36.696969740640725
IGL,IGL.NS,Energy,151.98,0.212772225024,212772225024.0,16.646221,11.093099,,—,-0.2971014492753623,12.52446183953031,2.614123470504679,,100.0,3.411,0.848,48.64772368098091,-0.16850241641028446,-1.6565275461439155,-10.399716954042637,-6.133041634223712,26.566468205298538,True,PE:Yahoo | FwdPE:Yahoo | ROIC:Computed | IC:Yahoo | ET:Yahoo,0.458673,0.416269,0.40675,0.40234,4.464802641794963,0.052783013962708625,52.39878215138078,7,47.3987858155955
INDUSTOWER,INDUSTOWER.NS,Communication Services,388.0,1.02323453952,1023234539520.0,14.306785,12.697814,,—,0.0022761760242792296,34.93389004871259,0.4170223816423704,18.912001,9.773620356452652,31.208000000000002,51.79,61.96881270485634,-0.2683174907909266,1.2526063778869334,-2.2217019951519923,-5.0354646004198145,23.4351885140668,True,PE:Yahoo | FwdPE:Yahoo | ROIC:Computed | IC:Yahoo | ET:Yahoo,0.84311,0.8101,0.81463,0.80576,1.52184741609378,0.253836716613354,44.44052176408077,7,24.82162986844764
INDUSINDBK,INDUSINDBK.NS,Financials,978.2,0.762159366144,762159366144.0,57.575047,12.375846,0.72,Yahoo,0.3587096774193549,72.86589516678015,,,,27.308,,0.0,0.9433312122839584,-4.537907795512741,5.808253092186266,20.30751219471183,26.337960269617035,True,PE:Yahoo | FwdPE:Yahoo | PEG:Yahoo(Yahoo) | ET:Yahoo,0.647125,0.608514,0.626885,0.679674,-1.62248676463016,0.18907105220359566,26.816717247314187,86,30.32226573059142
NAUKRI,NAUKRI.NS,Industrials,1250.8,0.810190241792,810190241792.0,50.76299,53.026245,2.39,Yahoo,0.20347648261758694,65.20083761660005,2.2575616181957683,,52.946809674948014,34.807998,0.64,73.80363011476514,1.1014265447817826,-7.8464596013203325,25.76160761922437,31.736730035559013,35.938111192627616,True,PE:Yahoo | FwdPE:Yahoo | PEG:Yahoo(Yahoo) | ROIC:Computed | IC:Yahoo | ET:Yahoo,0.0880748,0.0869005,0.0819414,0.0805451,3.0237878744350244,0.20098620879738294,69.33593288829749,6,48.41843676220697
INFY,INFY.NS,Information Technology,1037.7,4.20299538432,4202995384320.0,13.476623,12.971913,1.85,Yahoo,0.019453896103896143,7.41684549356224,36.73813119420545,32.0,100.0,21.173000000000002,9.541,84.31083333333333,-0.09760818731477132,-11.685110538563826,-9.26023318248178,-15.07208919548727,34.69973933642433,True,PE:Yahoo | FwdPE:Yahoo | PEG:Yahoo(Yahoo) | ROIC:Computed | IC:Yahoo | ET:Yahoo,0.05082,0.0504,0.05099,0.05076,0.03938558894820421,1.0426490771092838,66.75824175824177,5,75.48504642204892
INOXWIND,INOXWIND.NS,Industrials,76.5,0.13221019648,132210196480.0,37.5,15.937499,,—,-0.2357142857142857,9.309967141292441,1.664038499817183,,7.551206346455599,11.532,20.631,44.29191724774041,-0.18437561223288043,3.2388685226722336,-15.739619750442579,-3.8823928635106197,38.6236623159692,True,PE:Yahoo | FwdPE:Yahoo | ROIC:Computed | IC:Yahoo | ET:Yahoo,0.08141,0.124424,0.120745,0.111918,-10.06558002732051,0.03279776129628359,41.83414036947508,74,23.370781591633737
INTELLECT,INTELLECT.NS,Information Technology,682.6,0.095807397888,95807397888.0,27.468811,16.099056,2.250582318367346,Yahoo EPS growth,0.03576642335766425,13.45857714813674,3.08075587036679,,100.0,12.85,4.961,57.69229250248003,0.2331861853965921,-2.631768422836034,-9.27130462294803,4.301958051910382,29.734722333374336,True,PE:Yahoo | FwdPE:Yahoo | PEG:Yahoo(Yahoo EPS growth) | ROIC:Computed | IC:Yahoo | ET:Yahoo,0.0845169,0.0847019,0.0731384,0.0701689,6.397877294394672,0.023767215010712377,60.07634472256951,9,67.92967506053756
INDIGO,INDIGO.NS,Industrials,4973.0,1.922892955648,1922892955648.0,,21.379889,,—,-0.5546084176877997,51.947175631386166,4.08048189130466,,2.405360901745094,15.758,866.462,36.927173439462464,0.6862661670999884,-6.7504219013688305,1.8973874991633277,14.30344029124264,30.67885785712053,True,FwdPE:Yahoo | ROIC:Computed | IC:Yahoo | ET:Yahoo,2.45841,2.24384,2.34719,2.04963,6.24934992933075,0.4770175511174638,35.69642339460785,95,14.956444199459225
IGIL,IGIL.NS,Industrials,314.3,0.13582778368,135827783680.0,26.523205,17.747154,0.6338269285714286,Yahoo EPS growth,0.13999999999999999,26.00000000000001,2.811430650823268,,76.9978221415608,56.596000000000004,9.594,79.65452924822308,0.32553177041214265,-8.23795448419955,-13.619521971830139,2.5322391232408092,33.0849231514474,True,PE:Yahoo | FwdPE:Yahoo | PEG:Yahoo(Yahoo EPS growth) | ROIC:Computed | IC:Yahoo | ET:Yahoo,0.0370776,0.0368562,0.0304743,0.0303737,6.873813248291483,0.03369518649201756,55.0011303293399,35,38.40820538163582
IKS,IKS.NS,Information Technology,1740.6,0.291998629888,291998629888.0,38.91348,25.710487,0.9365225585943774,Yahoo EPS growth,0.13726571113561192,71.32637853949329,0.4814870156027218,,15.676342152581556,29.167998,26.873,61.455255450202294,1.0347391315167633,-2.295819501210361,6.037159645807955,31.138394602088315,32.311732575813025,True,PE:Yahoo | FwdPE:Yahoo | PEG:Yahoo(Yahoo EPS growth) | ROIC:Computed | IC:Yahoo | ET:Yahoo,0.0893629,0.0857652,0.081495,0.0740095,6.485366002941806,0.07243693464563622,49.477401676762234,13,55.94521161803472
IPCALAB,IPCALAB.NS,Health Care,1968.5,0.49941676032,499416760320.0,38.171417,27.99814,0.6636154885106385,Yahoo EPS growth,0.21095152603231593,95.59941325510069,1.5055242313375068,,27.333817509573485,20.039,8.492,58.948258193366364,0.5678639579875614,9.586369008018192,27.424484016618813,26.518560687429506,29.817338186802484,True,PE:Yahoo | FwdPE:Yahoo | PEG:Yahoo(Yahoo EPS growth) | ROIC:Computed | IC:Yahoo | ET:Yahoo,0.27881,0.238848,0.23925,0.25565,2.932893954403082,0.12389174306095573,43.13466200792254,37,28.28108563088329
JBCHEPHARM,JBCHEPHARM.NS,Health Care,2416.1,0.387925901312,387925901312.0,54.221275,32.781635,,—,-0.2555812163202464,87.66629086809469,1.1057170801393281,18.688999,100.0,16.476,0.086,54.291627251648094,,,,,,True,PE:Yahoo | FwdPE:Yahoo | ROIC:Computed | IC:Yahoo | ET:Yahoo,0.090423,0.106472,0.10849,0.109394,-6.151254928588957,0.09623388702702154,39.55386291490288,41,15.560008569300427
JKCEMENT,JKCEMENT.NS,Materials,4843.5,0.374248767488,374248767488.0,39.525867,24.86822,0.94,Yahoo,-0.07239819004524893,7.386729654283873,0.9585004464599901,,6.0926054234858436,11.93,87.522,36.77511948303178,0.13494394100889617,-10.19745990544173,-6.084664500443093,-6.491105968484934,27.46587886233777,True,PE:Yahoo | FwdPE:Yahoo | PEG:Yahoo(Yahoo) | ROIC:Computed | IC:Yahoo | ET:Yahoo,0.403172,0.38875,0.346307,0.335253,6.342262690061773,0.09284096135018287,65.29644525835272,2,73.8321602203225
JBMA,JBMA.NS,Consumer Discretionary,620.3,0.146697388032,146697388032.0,65.36354,31.296669,2.2192183472727276,Yahoo EPS growth,0.0705128205128205,45.782747603833855,2.1994268214709964,,2.5787078306027933,8.274,190.282,26.779529973745813,0.8150867704405488,-1.8552675925219475,-9.280268051365448,25.664179348084136,33.76259796945546,True,PE:Yahoo | FwdPE:Yahoo | PEG:Yahoo(Yahoo EPS growth) | ROIC:Computed | IC:Yahoo | ET:Yahoo,0.144245,0.185227,0.161398,0.125388,4.780772892489571,0.03639164030884454,56.056531497123814,12,39.82622915328825
JKTYRE,JKTYRE.NS,Consumer Discretionary,353.95,0.102040076288,102040076288.0,15.362413,10.337324,,—,-0.36498257839721254,1.4141028090961165,12.757705753346068,,4.919695110439871,3.359,80.551,44.64572223772623,-0.2512700331466225,-8.42173034746928,-8.681650405326247,-16.992961434282307,34.111632730240835,True,PE:Yahoo | FwdPE:Yahoo | ROIC:Computed | IC:Yahoo | ET:Yahoo,0.394624,0.422344,0.422296,0.386894,0.6616009442737214,0.025313373354336244,46.41153587239348,31,26.379034358982263
JMFINANCIL,JMFINANCIL.NS,Financials,124.47,0.119112802304,119112802304.0,11.4718895,8.298,,—,-0.17894736842105266,17.477224947442185,,,,47.229,102.435,0.0,0.1716012621471696,-4.010177390044523,0.7201807545408112,2.432919111146825,37.546906243997114,True,PE:Yahoo | FwdPE:Yahoo | ET:Yahoo,0.096453,0.07246,0.090139,0.10748,-3.5439749266121146,0.0295486532908147,26.577185267070398,87,24.041137223684018
JSWCEMENT,JSWCEMENT.NS,Materials,118.87,0.160515506176,160515506176.0,21.113676,20.922329,0.3031602773469388,Yahoo EPS growth,0.34507042253521125,26.111111111111118,1.4487100025076056,,3.833381187550247,10.6000006,68.39,30.304385989164132,0.45808916415996237,-9.314921356355931,-7.746841058296095,3.0230689781490128,26.933600049523506,True,PE:Yahoo | FwdPE:Yahoo | PEG:Yahoo(Yahoo EPS growth) | ROIC:Computed | IC:Yahoo | ET:Yahoo,0.189641,0.189499,0.162122,0.143643,9.70234806597432,0.03981954036887747,38.50273094837925,22,43.535904428688085
JSWDULUX,JSWDULUX.NS,Consumer Discretionary,3155.1,0.14368423936,143684239360.0,7.320588,31.821484,,—,-0.06181181181181178,45.69640062597809,1.2989888110119427,,57.67307692307692,,,41.41402136257674,0.2794547834645853,1.797128381864499,-1.1827070329907596,9.851203962748833,28.820675320109558,True,PE:Yahoo | FwdPE:Yahoo | ROIC:Computed | IC:Yahoo | ET:Yahoo,0.0965,0.08833,0.09077,0.09931,-0.9522128856589873,0.035644159906231127,48.92068447037579,27,27.805165079153888
JSWENERGY,JSWENERGY.NS,Utilities,526.45,0.964652761088,964652761088.0,41.32261,31.036896,0.9365312631955413,Yahoo EPS growth,0.16570133437990583,52.05696202531648,0.7404585872955757,,1.9153654238397289,38.092,229.16,43.50694414482888,0.3127521549943169,-5.755453774444385,-6.333951847544695,2.980895954021201,27.93377947667327,True,PE:Yahoo | FwdPE:Yahoo | PEG:Yahoo(Yahoo EPS growth) | ROIC:Computed | IC:Yahoo | ET:Yahoo,0.520713,0.449858,0.408176,0.514337,0.4115222237798033,0.2393041674115596,57.557593809886605,3,61.7614588882193
JSWINFRA,JSWINFRA.NS,Industrials,343.15,0.794447773696,794447773696.0,48.330986,30.63552,,—,-0.0540540540540541,89.6633436836084,1.430048933788273,,8.663798985434157,35.162997000000004,59.002,66.80068498389448,1.0270674126803636,0.5273144165179433,17.1494106918431,35.82674518787803,34.36914688904234,True,PE:Yahoo | FwdPE:Yahoo | ROIC:Computed | IC:Yahoo | ET:Yahoo,0.144483,0.152234,0.134966,0.122385,5.688934471355611,0.19708092974498342,48.458151791787934,59,27.071307593700677
JSWSTEEL,JSWSTEEL.NS,Materials,1265.0,3.08783742976,3087837429760.0,12.485195,17.36253,0.15385608267326728,Yahoo EPS growth,0.564245810055866,69.04247660187185,0.8104361244750875,,3.5574698795180724,15.299,95.374,30.36909616913879,0.7687874440911527,-0.7843137254901933,-0.15962313217426916,13.666220647083405,18.796527549505925,True,PE:Yahoo | FwdPE:Yahoo | PEG:Yahoo(Yahoo EPS growth) | ROIC:Computed | IC:Yahoo | ET:Yahoo,4.6662,4.9798,4.5219,4.246,3.1955855935911215,0.7660086562107068,28.316115756769506,26,32.01766937080806
JAINREC,JAINREC.NS,Materials,284.7,0.098245935104,98245935104.0,26.657303,18.412289,,—,-0.14884014681958696,3.7803360298693143,0.8106080587680518,,6.097229477027224,3.8599998,81.887,29.303383131849404,-0.4584036314859409,-5.556476802693366,-23.46773865402386,-33.55117187639117,61.06996792968555,True,PE:Yahoo | FwdPE:Yahoo | ROIC:Computed | IC:Yahoo | ET:Yahoo,0.2724458,0.3104983,0.2775174,0.2113706,8.829135427482338,0.024372149907201775,54.31235715381411,10,49.12976367344683
JPPOWER,JPPOWER.NS,Utilities,16.02,0.109792411648,109792411648.0,22.885715,,,Yahoo EPS growth,0.33870967741935487,25.286343612334793,1.2614745948902792,,4.379109550874847,36.141,26.634,52.6355191855315,0.4640045869337431,-8.665908656926502,-10.851413077916305,15.251805017369913,51.54628714416505,True,PE:Yahoo | ROIC:Computed | IC:Yahoo | ET:Yahoo,0.17757,0.138643,0.115557,0.158316,3.899851954028666,0.027236517343192518,46.48772951195803,9,39.906463144278014
J&KBANK,J&KBANK.NS,Financials,145.27,0.15996878848,159968788480.0,6.950718,5.764683,,—,-0.057954545454545474,45.90038314176246,1.248,14.609,,23.302999,,40.00957935118832,0.45764649899120907,-7.753360291044842,-9.155149180399514,13.928320789498416,47.376481909806415,True,PE:Yahoo | FwdPE:Yahoo | ROIC:ROA-proxy | ET:Yahoo,0.171626,0.175179,0.177251,0.17185,-0.043467635675609184,0.039683914547516755,30.272329060522033,81,27.383683024035715
JINDALSAW,JINDALSAW.NS,Industrials,311.95,0.198905921536,198905921536.0,30.493649,13.388413,,—,-0.37762762762762764,95.17964071856287,0.42712036656794206,,5.144284052895826,5.2330000000000005,38.19,24.960786287299708,1.1408065771082496,17.984122317780106,25.83195821020827,64.54506579844892,40.814055962661854,True,PE:Yahoo | FwdPE:Yahoo | ROIC:Computed | IC:Yahoo | ET:Yahoo,0.445231,0.463348,0.494341,0.408468,2.9143144606476934,0.04934316042667636,26.946752558182087,107,15.053892898934528
JSL,JSL.NS,Materials,756.1,0.622988427264,622988427264.0,19.195227,14.566998,,—,-0.023469387755102083,44.811218985976275,1.1236571366354227,,11.431282480487377,9.104,37.523,48.23064330443824,-0.045836760721308656,2.8961395327357087,8.289330024380082,1.69030134471031,26.307229591484354,True,PE:Yahoo | FwdPE:Yahoo | ROIC:Computed | IC:Yahoo | ET:Yahoo,1.127854,1.133719,1.051755,1.089278,1.1668087418170714,0.15454651964640817,48.993057179181136,14,44.3180419151409
JINDALSTEL,JINDALSTEL.NS,Materials,1120.5,1.140095451136,1140095451136.0,42.013496,12.729106,,—,-0.2182620502376103,43.57338195077483,0.34586636512109714,,6.161348717177791,11.1999996,43.613,32.75447646346657,-0.40476697433480135,0.9448247216250483,-2.348287295827012,-8.366817200149102,23.004944850248734,True,PE:Yahoo | FwdPE:Yahoo | ROIC:Computed | IC:Yahoo | ET:Yahoo,1.555283,1.627552,1.309004,1.234244,8.011368042491696,0.2828267369453143,49.041242595634884,13,44.36162938301999
JIOFIN,JIOFIN.NS,Financials,229.9,1.518062272512,1518062272512.0,71.397514,51.547085,0.3459080703947368,Yahoo EPS growth,0.7450980392156863,6.714140386571713,0.004381885063676383,,3.655652337301534,63.313997,16.286,18.278261686507673,0.20090170824698536,-10.212847156090533,-3.791582226552437,-4.8561503278692575,26.663271681273297,True,PE:Yahoo | FwdPE:Yahoo | PEG:Yahoo(Yahoo EPS growth) | ROIC:Computed | IC:Yahoo | ET:Yahoo,0.179471,0.086386,0.068637,0.041644,62.73486761576849,0.37659004654965617,46.432047309680684,45,52.50176089620141
JUBLFOOD,JUBLFOOD.NS,Industrials,470.25,0.309271461888,309271461888.0,82.64499,51.668842,,—,-0.23936170212765956,26.97267759562842,0.7383457132764315,,4.570018483015143,8.0299996,2.655,27.292329591602776,0.21695134087743023,-4.333229238516411,11.394200806723465,2.932962638488701,33.492265351382414,True,PE:Yahoo | FwdPE:Yahoo | ROIC:Computed | IC:Yahoo | ET:Yahoo,0.2569654,0.2499466,0.2437219,0.2340152,3.167647530585138,0.07672185544546656,50.23410965230597,50,28.06345235650779
JUBLINGREA,JUBLINGREA.NS,Chemicals,658.4,0.103840579584,103840579584.0,33.903194,21.781384,0.5305721743589742,Yahoo EPS growth,0.20526315789473687,46.992627085758635,0.8118611303560541,,12.518133113538017,11.3900006,25.328,48.594334420165644,0.9381934875533449,-10.579921862067177,1.6333446864078338,18.4750286736072,30.969038818895378,True,PE:Yahoo | FwdPE:Yahoo | PEG:Yahoo(Yahoo EPS growth) | ROIC:Computed | IC:Yahoo | ET:Yahoo,0.128873,0.116605,0.103972,0.102942,7.776260850515948,0.02576002935279634,47.91629917237637,15,42.83631635126131
JUBLPHARMA,JUBLPHARMA.NS,Health Care,1025.2,0.162378514432,162378514432.0,46.30533,20.280909,0.14,Yahoo,-0.22496147919876736,59.974921630094066,0.5276098254452877,,6.514399205561072,5.414,50.943,30.339181462517033,0.34596474402991584,15.126328037268388,5.153821074040565,24.510047086894083,27.123339044091377,True,PE:Yahoo | FwdPE:Yahoo | PEG:Yahoo(Yahoo) | ROIC:Computed | IC:Yahoo | ET:Yahoo,0.22211,0.22722,0.21161,0.18789,5.735660342774729,0.04028170215140335,35.2074842220534,43,23.083660095655397
JWL,JWL.NS,Industrials,239.58,0.102389399552,102389399552.0,61.273655,25.419628,,—,-0.2,3.2055464926590593,0.6780742164691513,,6.666810906644616,6.895,33.365,32.993276842908124,-0.05459680087955281,-6.9953431077247945,-13.446527313343882,-8.609571844713425,29.566361233322368,True,PE:Yahoo | FwdPE:Yahoo | ROIC:Computed | IC:Yahoo | ET:Yahoo,0.06707354,0.07801507,0.08903641,0.07858455,-5.142570330205021,0.025400030974799304,43.14132126395562,72,24.101042543952776
JYOTICNC,JYOTICNC.NS,Industrials,985.0,0.224011763712,224011763712.0,69.464035,40.702477,,—,-0.16622340425531915,84.57441253263708,1.1363072135708494,,9.08144442707519,18.441999,42.609,53.00810712652674,0.4146617108238362,18.31121427449245,40.523572700798006,37.579437559275796,46.46733175942837,True,PE:Yahoo | FwdPE:Yahoo | ROIC:Computed | IC:Yahoo | ET:Yahoo,0.050847,0.059916,0.05759,0.05079,0.037394953199143544,0.055571238447535955,54.263774662894235,36,30.314638110969327
KPRMILL,KPRMILL.NS,Textiles,1109.1,0.379891777536,379891777536.0,41.492706,30.25818,1.4045214895522389,Yahoo EPS growth,0.10771704180064308,58.18925450827289,1.7552673007425887,,32.119227144203585,16.448,10.463,56.878072590346484,0.47548012161536884,1.8737967602647565,5.314032564107607,22.227500150669833,42.806633684824874,True,PE:Yahoo | FwdPE:Yahoo | PEG:Yahoo(Yahoo EPS growth) | ROIC:Computed | IC:Yahoo | ET:Yahoo,0.185429,0.171593,0.140645,0.16864,3.214097839395591,0.09424083898045953,70.46085258886238,1,51.55369761759153
KEI,KEI.NS,Industrials,4578.0,0.437659500544,437659500544.0,43.85898,31.202183,0.7806260435531134,Yahoo EPS growth,0.19985358711566623,39.13283877804912,1.728210739881956,,26.605799946118616,11.53,3.796,52.683947072531645,0.8116935687653458,-20.918984280532037,-15.009746588693961,10.1010101010101,38.21638556127303,True,PE:Yahoo | FwdPE:Yahoo | PEG:Yahoo(Yahoo EPS growth) | ROIC:Computed | IC:Yahoo | ET:Yahoo,0.3185342,0.3476396,0.2954704,0.2590316,7.1357563475763275,0.1085714431266596,50.78674889267995,48,35.46523263168413
KPITTECH,KPITTECH.NS,Information Technology,553.75,0.15074582528,150745825280.0,26.046566,17.589466,,—,-0.15434083601286175,1.3694267515923568,-11.875161965648012,,17.108166443539794,12.2530006,23.624,43.54416716666666,-0.10492524607121259,-10.757453666398064,-26.187852819263224,-15.409254387788762,44.334427562204894,True,PE:Yahoo | FwdPE:Yahoo | ROIC:Computed | IC:Yahoo | ET:Yahoo,0.1674994,0.1711,0.1617459,0.1587711,1.7998802988028029,0.03739594770735124,45.10514736487159,17,40.801124212236736
KAJARIACER,KAJARIACER.NS,Consumer Discretionary,1226.4,0.19272024064,192720240640.0,35.713455,28.514685,0.5132643299999998,Yahoo EPS growth,0.27777777777777785,84.11126826968413,1.210578019916265,,42.63674224895882,16.424999,7.302,54.72086147088487,1.918856504776934,-2.736140798794262,7.663949670723058,34.747018789962226,19.53411289246659,True,PE:Yahoo | FwdPE:Yahoo | PEG:Yahoo(Yahoo EPS growth) | ROIC:Computed | IC:Yahoo | ET:Yahoo,0.132808,0.137335,0.116826,0.110274,6.39397529618313,0.047808660888188186,37.75016204549476,41,26.820186052267243
KPIL,KPIL.NS,Industrials,1435.7,0.245178138624,245178138624.0,21.550583,15.641612,0.34633020552212385,Yahoo EPS growth,0.22581934452438052,90.70899470899474,1.216382414761776,,5.07255274026119,6.6360004,45.814,30.16399276574164,0.8972466321911964,2.7849299100745295,10.990156902209968,26.16168470536342,26.053878562017807,True,PE:Yahoo | FwdPE:Yahoo | PEG:Yahoo(Yahoo EPS growth) | ROIC:Computed | IC:Yahoo | ET:Yahoo,0.640797,0.77779,0.666542,0.617117,1.2630459222162882,0.06082204156525492,24.61410369139568,109,17.18843856850154
KALYANKJIL,KALYANKJIL.NS,Consumer Discretionary,601.15,0.62083825664,620838256640.0,43.27934,31.531883,0.9239575018604653,Yahoo EPS growth,0.1706349206349206,85.15066790928859,1.345556221104926,,7.03841671657252,4.887,96.966,35.80923117221901,0.921537861236564,1.156840603064424,57.59866435653513,54.78981696934988,58.19942795873643,True,PE:Yahoo | FwdPE:Yahoo | PEG:Yahoo(Yahoo EPS growth) | ROIC:Computed | IC:Yahoo | ET:Yahoo,1.0588927,1.0274942,1.0343417,0.7856026,10.462876283448708,0.1540131206745452,46.32069908489555,33,32.909256549171495
KARURVYSYA,KARURVYSYA.NS,Financials,333.8,0.322673508352,322673508352.0,11.749384,10.132675,0.22610101239669425,Yahoo EPS growth,0.22407407407407406,83.84790380240496,,,,56.660999999999994,,0.0,0.5687330884348142,-0.6399834308496888,14.206792772137788,19.247111533435657,34.9673605575082,True,PE:Yahoo | FwdPE:Yahoo | PEG:Yahoo(Yahoo EPS growth) | ET:Yahoo,0.186454,0.197457,0.17482,0.15266,6.8928891547411775,0.08004653941471296,19.750303255013435,98,22.332112392252707
KAYNES,KAYNES.NS,Industrials,3505.0,0.235614814208,235614814208.0,68.49717,38.992954,,—,-0.13800515907136718,10.828025477707007,1.5667103998022407,,6.105002489452582,11.689,19.168,39.24079883673825,0.05484468080751119,-8.437826541274818,13.7211605380805,-5.277951686376781,57.61497392952791,True,PE:Yahoo | FwdPE:Yahoo | ROIC:Computed | IC:Yahoo | ET:Yahoo,0.0946017,0.1242638,0.0804032,0.0673466,11.993913762394692,0.05844964034548715,50.92807246971514,47,28.45113699147685
KEC,KEC.NS,Industrials,406.4,0.10818367488,108183674880.0,19.529074,11.100156,,—,-0.2740066225165563,3.14408092590905,0.40657607537185825,,2.7960326078644298,4.777,87.306,16.612529165754772,-0.4688908544615954,-8.602271567534236,-22.096899042505868,-25.119092161177893,35.22529909995605,True,PE:Yahoo | FwdPE:Yahoo | ROIC:Computed | IC:Yahoo | ET:Yahoo,0.502354,0.638975,0.600135,0.609156,-6.223551853678966,0.026837433415400302,32.05213329681039,104,17.906030820995838
KFINTECH,KFINTECH.NS,Financials,900.0,0.155584872448,155584872448.0,45.6621,32.354702,,—,-0.014476614699331836,26.75270317404952,1.8537531012095265,,100.0,26.552999999999997,3.314,50.0,0.1615543263265626,-3.1216361679224924,5.852762752369967,2.2000073605962234,32.94027247380336,True,PE:Yahoo | FwdPE:Yahoo | ROIC:Computed | IC:Yahoo | ET:Yahoo,0.0356536,0.034733,0.0370871,0.0274058,9.165892038996514,0.038596383968268,56.024435324543326,24,50.6784719292896
KIRLOSENG,KIRLOSENG.NS,Industrials,2168.6,0.315574386688,315574386688.0,57.798508,38.01227,,—,-0.15026833631484793,70.26611663835638,0.4539491011719173,,2.9566167677017607,12.594,154.864,23.983516453968203,0.7749296556399343,5.610217239272797,12.378997647243683,47.94642933729718,54.63232925711596,True,PE:Yahoo | FwdPE:Yahoo | ROIC:Computed | IC:Yahoo | ET:Yahoo,0.199953,0.211623,0.18726,0.194838,0.867537983058897,0.07828544001430197,40.22318892109392,81,22.470818209517407
KOTAKBANK,KOTAKBANK.NS,Financials,419.0,4.168067842048,4168067842048.0,20.529152,16.399218,0.94,Yahoo,0.11303960836671118,68.24512534818942,,,,34.761003,,0.0,0.3652185835155008,6.778798806641362,2.9112095915599934,14.412807162000242,20.902573691283354,True,PE:Yahoo | FwdPE:Yahoo | PEG:Yahoo(Yahoo) | ET:Yahoo,2.236606,2.075533,2.045896,,,1.0339845018752836,42.15128877658917,56,47.661410879761654
KIMS,KIMS.NS,Health Care,768.95,0.307686834176,307686834176.0,151.36812,45.24284,,—,-0.18862275449101795,68.44436569808649,0.38684977152252936,,4.194204372140315,10.394,166.226,25.816838707328866,0.6664573926636118,-4.353504505076977,-0.11690113755232767,15.735999992650784,30.143719191764973,True,PE:Yahoo | FwdPE:Yahoo | ROIC:Computed | IC:Yahoo | ET:Yahoo,0.11795,0.10746,0.09977,0.09607,7.078772707466574,0.07632875232009971,46.45773375173131,32,24.367876511157927
LTF,LTF.NS,Financials,309.1,0.774618742784,774618742784.0,24.396212,15.825223,0.5628971725316455,Yahoo EPS growth,0.14056939501779359,71.85114503816794,,,,45.948002,393.442,0.0,0.678584062045047,-1.9819248070502282,5.046731046224506,21.039702609551703,33.9259771990838,True,PE:Yahoo | FwdPE:Yahoo | PEG:Yahoo(Yahoo EPS growth) | ET:Yahoo,0.308574,0.282139,0.271723,0.253412,6.785114562184713,0.19216188537546092,34.36237257567643,68,38.85430803345638
LTTS,LTTS.NS,Information Technology,3337.4,0.354052308992,354052308992.0,27.700861,20.53469,1.6066643278215227,Yahoo EPS growth,0.06390472995639046,19.079254079254085,2.5167171885264716,,36.08736349453978,15.689998999999998,8.911,58.6150168649848,0.4234867139793752,-6.747883611996142,-1.7053027906726248,7.8457569448339814,34.460680996808954,True,PE:Yahoo | FwdPE:Yahoo | PEG:Yahoo(Yahoo EPS growth) | ROIC:Computed | IC:Yahoo | ET:Yahoo,0.29401,0.28579,0.29235,0.26375,3.6867378888813196,0.08783076816979295,59.839421475260956,10,67.66178061259338
LGEINDIA,LGEINDIA.NS,Consumer Discretionary,1636.8,1.11101476864,1111014768640.0,60.98361,40.918987,0.8344855600376566,Yahoo EPS growth,0.24517492548435174,73.7857618097139,6.864897419842801,,66.77471417307314,10.9560005,5.99,62.482914206577384,0.03843623017398582,3.706519558396759,4.281350298639075,4.788735520366516,28.156142188528566,True,PE:Yahoo | FwdPE:Yahoo | PEG:Yahoo(Yahoo EPS growth) | ROIC:Computed | IC:Yahoo | ET:Yahoo,0.723335,0.8053552,0.4114394,0.6262938,4.9189146049380295,0.2756126089262163,68.03236667783241,3,48.334646343413254
LICHSGFIN,LICHSGFIN.NS,Financials,562.9,0.309630468096,309630468096.0,5.3964148,5.1643786,0.5227615888979594,Yahoo EPS growth,0.049395161290322565,74.65900933237613,,,,82.443,642.522,0.0,0.08576587439481746,13.031911764417515,3.6746650167249983,15.185982275888076,25.115706295425166,True,PE:Yahoo | FwdPE:Yahoo | PEG:Yahoo(Yahoo EPS growth) | ET:Yahoo,0.206429,0.236218,0.224993,0.211547,-0.8130324801455924,0.07681091514152147,29.426930418423257,84,33.2736925088182
LTFOODS,LTFOODS.NS,Consumer Staples,438.1,0.15213150208,152131502080.0,23.758135,14.482645,1.6335076337209278,Yahoo EPS growth,0.04432989690721656,66.61377340526819,1.1515516662937555,,9.491881813075755,10.86,28.488,48.126920565198475,0.3164959944673115,4.822236098896804,15.112127119633477,13.991627499978154,28.971587512550297,True,PE:Yahoo | FwdPE:Yahoo | PEG:Yahoo(Yahoo EPS growth) | ROIC:Computed | IC:Yahoo | ET:Yahoo,0.31518314,0.29067035,0.28092011,0.24639167,8.553955323861185,0.037739696511378415,39.912965041174814,20,31.861203003001602
LTM,LTM.NS,Information Technology,4275.0,1.267371737088,1267371737088.0,24.271845,18.579493,1.103043392272089,Yahoo EPS growth,0.08421922986061899,25.745304153024296,2.5322643337941275,21.966,48.00117716303708,15.501000000000001,9.874,58.50033655401803,0.36110517332200076,-10.283315844700947,6.69628502502797,2.99039393896261,36.75856997990796,True,PE:Yahoo | FwdPE:Yahoo | PEG:Yahoo(Yahoo EPS growth) | ROIC:Computed | IC:Yahoo | ET:Yahoo,1.1608,1.12917,1.0781,0.98406,5.660324500766745,0.31440052895584736,54.5192441019373,11,61.646136320264624
LT,LT.NS,Industrials,3930.7,5.408116703232,5408116703232.0,32.573963,21.852234,1.06,Yahoo,0.06977186311787069,55.78609254275544,2.257975670020049,,12.762620656709707,10.609999,97.64,53.63986466222274,1.0228708324364144,-3.4392119704056534,-6.107872089064448,15.414150219105661,18.431811321282655,True,PE:Yahoo | FwdPE:Yahoo | PEG:Yahoo(Yahoo) | ROIC:Computed | IC:Yahoo | ET:Yahoo,6.794174,8.276216,7.14497,6.367892,2.1833944044732823,1.341606966917105,50.499279125894844,49,35.26448770557843
LATENTVIEW,LATENTVIEW.NS,Information Technology,252.45,0.052278161408,52278161408.0,26.742586,19.569767,0.5339265909826587,Yahoo EPS growth,0.18326271186440685,1.6512059369202186,3.7026737755708456,,30.56257023189294,15.856,1.863,61.57420504690725,-0.03803315372216341,-12.963279581850774,-16.614369298681353,-14.438228302730248,38.780605249150405,True,PE:Yahoo | FwdPE:Yahoo | PEG:Yahoo(Yahoo EPS growth) | ROIC:Computed | IC:Yahoo | ET:Yahoo,0.0286876,0.0288618,0.0278009,,,0.01296879291097298,49.350127037656726,14,55.801299319145535
LAURUSLABS,LAURUSLABS.NS,Health Care,1969.0,1.06387472384,1063874723840.0,96.14258,68.03257,0.542106494459103,Yahoo EPS growth,0.6274834437086092,98.89531371364463,0.36625391536039303,,11.362806581806892,25.385999999999996,46.369,57.51758774123624,2.9180624530535098,6.432432432432433,41.74645703016835,88.28431477261731,28.05007900174778,True,PE:Yahoo | FwdPE:Yahoo | PEG:Yahoo(Yahoo EPS growth) | ROIC:Computed | IC:Yahoo | ET:Yahoo,0.202631,0.181157,0.177829,0.156957,8.886757716919735,0.2639184432868785,48.693469372876514,27,31.925697638390687
THELEELA,THELEELA.NS,Industrials,542.3,0.181105360896,181105360896.0,39.992622,29.604614,0.07722942782608697,Yahoo EPS growth,1.0,79.55633980337784,0.568909287794221,,4.006130954431165,31.457,28.065,43.939731651254384,0.5292463896614209,6.657483483775484,18.431970959048407,24.537828129658322,33.784537778938045,True,PE:Yahoo | FwdPE:Yahoo | PEG:Yahoo(Yahoo EPS growth) | ROIC:Computed | IC:Yahoo | ET:Yahoo,0.0351956,0.048442,0.0457431,0.027479,8.599831078824227,0.04492732447487775,34.523146868657825,99,24.10808845949223
LEMONTREE,LEMONTREE.NS,Industrials,104.78,0.082969788416,82969788416.0,35.27946,21.212372,0.6666745485714288,Yahoo EPS growth,0.15909090909090903,6.52036826838189,0.20587060438971794,,4.077952914378251,33.394,96.367,43.23865684019568,0.12874810659494268,-4.012463114576503,-5.287895344262383,-0.6259518653521923,26.303386813125652,True,PE:Yahoo | FwdPE:Yahoo | PEG:Yahoo(Yahoo EPS growth) | ROIC:Computed | IC:Yahoo | ET:Yahoo,0.03446061,0.04164039,0.04060523,0.03062766,4.008711090392625,0.020582552539226993,47.799024568491014,61,33.37885497398818
LENSKART,LENSKART.NS,Industrials,681.75,1.180808511488,1180808511488.0,178.46858,95.483864,0.35620137922268275,Yahoo EPS growth,1.0,93.73920552677029,1.4513075974986063,,10.524880361325607,10.458,34.983,50.7517398212397,0.9893792090557268,14.215106737385241,35.523311110898106,36.404565156252076,22.42765788462916,True,PE:Yahoo | FwdPE:Yahoo | PEG:Yahoo(Yahoo EPS growth) | ROIC:Computed | IC:Yahoo | ET:Yahoo,0.271418,0.2515709,0.2307731,0.189446,12.733001110798048,0.292926542184376,49.093315392742745,54,34.28267981365533
LICI,LICI.NS,Financials,404.1,2.55593152512,2555931525120.0,8.510952,6.8716145,0.19916457997277678,Yahoo EPS growth,0.17251095804633687,40.2413553028545,,,100.0,6.426,0.431,50.0,0.3529221325772161,-1.9531694558245216,0.6259356110384084,7.046090966730589,25.499280413041692,True,PE:Yahoo | FwdPE:Yahoo | PEG:Yahoo(Yahoo EPS growth) | IC:Yahoo | ET:Yahoo,23.986681,27.666839,23.620256,,,0.6340572382646219,31.534223737300135,77,35.656456491374044
LINDEINDIA,LINDEINDIA.NS,Chemicals,6227.5,0.53110751232,531107512320.0,97.0923,72.37071,0.13,Yahoo,-0.012330946698488485,23.337542087542086,0.3628722834488732,,67.7528624637881,20.444000000000003,,53.37519898450862,-0.2169641997631945,-8.11508668388049,-10.114393084755392,-13.233728602870586,23.592103787522717,True,PE:Yahoo | FwdPE:Yahoo | PEG:Yahoo(Yahoo) | ROIC:Computed | IC:Yahoo | ET:Yahoo,0.0694363,0.0614333,0.0701034,0.057108,6.732465092368933,0.13175335848146494,69.46337223986788,3,62.09901514697537
LLOYDSME,LLOYDSME.NS,Materials,1799.6,1.012436434944,1012436434944.0,21.008638,12.526799,0.07041540782077393,Yahoo EPS growth,0.8894927536231885,69.92884206635244,0.6451655930602431,,13.178235438481675,34.264,145.214,66.7191545200002,2.059500642852139,-5.204385143148082,1.9603385601097756,57.843218500678596,30.61305363639702,True,PE:Yahoo | FwdPE:Yahoo | PEG:Yahoo(Yahoo EPS growth) | ROIC:Computed | IC:Yahoo | ET:Yahoo,0.728861,0.599537,0.490938,0.354065,27.209800494043314,0.2511579999503051,22.979901420446403,28,25.983891723486735
LODHA,LODHA.NS,Real Estate,1116.9,1.116032466944,1116032466944.0,27.102646,22.631021,0.2194916814347202,Yahoo EPS growth,0.5155325443786983,67.14687027299576,1.1754097182115373,,7.443781942078364,37.088,42.238,63.263632672470756,0.9157018854491673,-7.617863985602769,21.7162281564105,28.971152967202208,39.95734587229494,True,PE:Yahoo | FwdPE:Yahoo | PEG:Yahoo(Yahoo EPS growth) | ROIC:Computed | IC:Yahoo | ET:Yahoo,0.49967,0.47135,0.46725,0.34917,12.689153737932557,0.27685736368502384,44.963791221867965,6,39.716359384766086
LUPIN,LUPIN.NS,Health Care,2095.0,0.957971955712,957971955712.0,17.361399,20.491953,1.287376812,Yahoo EPS growth,0.07958801498127341,30.976965845909454,1.4341091450449466,,21.9734303030303,25.354,29.388,63.09672927688556,-0.09746369753573758,-6.901304068717396,-7.358399655737791,-8.843123769994266,19.92351768272337,True,PE:Yahoo | FwdPE:Yahoo | PEG:Yahoo(Yahoo EPS growth) | ROIC:Computed | IC:Yahoo | ET:Yahoo,0.821723,0.739191,0.710045,0.616375,10.0593159359883,0.23764684092825675,56.48768622141412,9,37.03594781442497
MMTC,MMTC.NS,Industrials,61.92,0.09287999488,92879994880.0,20.848484,,,—,-0.19736842105263158,41.84070796460178,7.394025151572606,,100.0,-30.72059,0.114,53.98493582526311,0.5452958412889151,-3.083426576182291,-18.246633330623663,16.19440252421427,35.352972901516324,True,PE:Yahoo | ROIC:Computed | IC:Yahoo | ET:Yahoo,6.8e-05,6.1e-05,3.4e-05,0.00011,-14.813244848480734,0.023041005780027733,43.304826257848035,71,24.19238515234994
MRF,MRF.NS,Consumer Discretionary,128290.0,0.544096223232,544096223232.0,22.47189,19.160202,,—,-0.028808759218318866,15.120192307692307,1.7941380958856095,,14.335885513823538,6.451999999999999,15.288,48.68405857291321,-0.13320255060917569,-2.057487498568533,0.034187184459955056,-4.748060722740055,20.199111892878282,True,PE:Yahoo | FwdPE:Yahoo | ROIC:Computed | IC:Yahoo | ET:Yahoo,0.84155,0.804422,0.805043,0.737872,4.479952048176283,0.13497550511901762,46.141412803338724,34,26.225503871662465
MGL,MGL.NS,Energy,1084.3,0.10710474752,107104747520.0,14.970317,11.602015,,—,-0.1971481711097334,38.556485355648526,1.3624856306440603,,71.7118320610687,9.854999000000001,3.461,49.8909839416179,0.22954032638690353,-1.4871770984442145,-3.260237298461688,5.009616577042375,28.30349585081563,True,PE:Yahoo | FwdPE:Yahoo | ROIC:Computed | IC:Yahoo | ET:Yahoo,0.237272,0.205205,0.206024,0.208301,4.436356494084648,0.026569780821640916,44.85438008077044,12,40.57428564270033
M&MFIN,M&MFIN.NS,Financials,356.15,0.494914633728,494914633728.0,15.174691,11.684657,0.18246041315384612,Yahoo EPS growth,0.3201970443349755,60.23648648648647,,,,43.799,429.851,0.0,0.5185653037401148,-10.153885121025219,22.26387669688816,10.285569348377743,39.41539150804127,True,PE:Yahoo | FwdPE:Yahoo | PEG:Yahoo(Yahoo EPS growth) | ET:Yahoo,0.296903,0.296286,0.28379,0.245565,6.532644080832117,0.12277488765024311,21.237463552180458,95,24.013678010400845
M&M,M&M.NS,Consumer Discretionary,3107.0,3.730768396288,3730768396288.0,18.903625,19.722187,1.26,Yahoo,0.16703116457080372,22.354062930395166,1.3121916848224289,,4.420572897178277,17.031,125.278,37.064017299157456,0.6969616659600517,-9.36934705521123,0.055073928395410476,7.114332047500649,23.650768625855367,True,PE:Yahoo | FwdPE:Yahoo | PEG:Yahoo(Yahoo) | ROIC:Computed | IC:Yahoo | ET:Yahoo,5.753344,5.489155,5.157995,4.543588,8.186681450847445,0.925502378567924,44.940479397682864,35,31.92865814115845
MANAPPURAM,MANAPPURAM.NS,Financials,329.0,0.309041594368,309041594368.0,20.122324,10.683004,0.03599209502145923,Yahoo EPS growth,1.0,61.473607038123156,,,,52.393,360.191,0.0,0.9936146931509049,-5.2969607314343525,3.9361782947739288,29.038764814519237,34.55637862708101,True,PE:Yahoo | FwdPE:Yahoo | PEG:Yahoo(Yahoo EPS growth) | ET:Yahoo,0.175033,0.149666,0.139563,0.138809,8.035736512287418,0.07666483155282097,9.615860580510201,102,10.872869973663606
MRPL,MRPL.NS,Energy,175.86,0.308212006912,308212006912.0,9.813616,3.4347656,0.007621814155619596,Yahoo EPS growth,1.0,57.719522097204525,0.3737258741893831,,7.783340093812176,2.396,108.059,31.023329799414025,-0.04563120298806632,0.8487187097704574,6.246976843276331,-1.2798915387384757,46.64812911168739,True,PE:Yahoo | FwdPE:Yahoo | PEG:Yahoo(Yahoo EPS growth) | ROIC:Computed | IC:Yahoo | ET:Yahoo,3.825419,2.394969,2.471165,1.735623,30.13912167816848,0.07645903342165794,15.622159090909092,16,17.664326877577196
MANKIND,MANKIND.NS,Health Care,2280.0,0.941630816256,941630816256.0,46.079224,32.335773,1.0936493925477704,Yahoo EPS growth,0.14783427495291906,48.44956169043569,1.1284086016853654,,6.120871487211873,20.605,38.111,44.90607550433973,0.31063221838231025,-6.292387962325419,-4.213756533656543,1.6133323105497421,25.45041951554814,True,PE:Yahoo | FwdPE:Yahoo | PEG:Yahoo(Yahoo EPS growth) | ROIC:Computed | IC:Yahoo | ET:Yahoo,0.403059,0.344293,0.35672,0.357035,4.12442361868266,0.23359304776058498,51.545293792983685,20,33.795486037671104
MARICO,MARICO.NS,Consumer Staples,802.1,1.041107386368,1041107386368.0,55.241043,41.19163,1.02,Yahoo,0.25,56.23742454728372,3.637085088181194,,62.31578947368421,19.282,12.394,64.29286906710557,0.7467217252871245,-6.187137358369887,-0.47947280256146474,6.421182839454431,16.884898042810057,True,PE:Yahoo | FwdPE:Yahoo | PEG:Yahoo(Yahoo) | ROIC:Computed | IC:Yahoo | ET:Yahoo,0.3957,0.3333,0.3537,0.3482,4.354799460855974,0.2582704848113645,55.441935213828565,11,44.25746748969319
MARUTI,MARUTI.NS,Consumer Discretionary,12400.0,3.898591674368,3898591674368.0,27.173912,20.466705,0.77,Yahoo,-0.04555629248880786,3.8498742503385563,3.8023126799637446,,93.97653958944281,4.828,0.096,52.58772332443811,0.463059323121373,-10.823444804027327,-8.519951283070071,-0.5278893786400896,22.233772027280093,True,PE:Yahoo | FwdPE:Yahoo | PEG:Yahoo(Yahoo) | ROIC:Computed | IC:Yahoo | ET:Yahoo,5.17082,5.15675,4.75372,3.79889,10.824105297369035,0.9671347787985696,53.56273871304172,17,38.05447552838255
MFSL,MFSL.NS,Financials,1477.0,0.507052261376,507052261376.0,476.45163,131.93814,0.05952096541353384,Yahoo EPS growth,1.0,9.457398125953384,5.036627180957509,,4.247142218186254,4.599,12.673,21.235711090931268,-0.3938622030370172,-2.572559366754612,-9.530808398431645,-12.923001856027271,26.279349502089367,True,PE:Yahoo | FwdPE:Yahoo | PEG:Yahoo(Yahoo EPS growth) | ROIC:Computed | IC:Yahoo | ET:Yahoo,1.496984,1.080128,1.425891,0.979337,15.193594958085942,0.1257859036301074,46.4529012649216,44,52.525340932733
MAXHEALTH,MAXHEALTH.NS,Health Care,1037.7,1.010004000768,1010004000768.0,69.45783,44.398064,,—,-0.1712871287128713,42.23894637817498,0.2779647183556881,,11.283389136904763,19.728,32.367,52.15412990253707,-0.038773145287261064,2.9975137639578264,1.0345152176258976,1.8761337096706132,28.921565325154138,True,PE:Yahoo | FwdPE:Yahoo | ROIC:Computed | IC:Yahoo | ET:Yahoo,0.236617,0.214289,0.206752,0.213547,3.4786664012308455,0.2505545790523909,58.95232192289336,8,30.921501861023494
MAZDOCK,MAZDOCK.NS,Industrials,2339.0,0.943505801216,943505801216.0,35.209995,29.477999,1.371155057219918,Yahoo EPS growth,0.10749330954504899,28.04780876494023,11.998197454535397,,54.90235408831314,14.191,4.481,70.05549987717268,0.1590590246654613,-8.180930798900343,-3.9820242105901404,-4.095999458643651,25.681858346914098,True,PE:Yahoo | FwdPE:Yahoo | PEG:Yahoo(Yahoo EPS growth) | ROIC:Computed | IC:Yahoo | ET:Yahoo,0.29427,0.385039,0.360109,0.262559,3.8738813761656887,0.23405818063830142,67.17661000617377,9,46.91054562896544
MEESHO,MEESHO.NS,Industrials,217.08,1.004259966976,1004259966976.0,,149.51031,0.9593597289199743,Yahoo EPS growth,0.7792192307692307,71.03384042222912,4.313221521333093,,,-6.5799996,1.428,16.212430248500443,1.305581454269646,12.116520661860442,29.91022974384412,57.85339956866626,35.03180805550845,True,FwdPE:Yahoo | PEG:Yahoo(Yahoo EPS growth) | ROIC:Computed | ET:Yahoo,0.3712811,0.3531212,0.3517598,0.3073672,6.499713732741141,0.24912964017321523,41.602627712562196,75,23.241446276204197
MINDACORP,MINDACORP.NS,Consumer Discretionary,705.45,0.166035357696,166035357696.0,33.67303,30.358727,0.14136894649916246,Yahoo EPS growth,1.0,78.85191347753745,0.26130504591421494,,6.267070008643042,7.735,55.351,29.589491279839976,1.5663437844652421,-4.082104327756064,6.594747608669649,42.89195511661092,29.98962291053121,True,PE:Yahoo | FwdPE:Yahoo | PEG:Yahoo(Yahoo EPS growth) | ROIC:Computed | IC:Yahoo | ET:Yahoo,0.184631,0.170381,0.156029,0.138588,10.03385573986957,0.041188865711127266,22.603733395167787,50,16.059171730273317
MSUMI,MSUMI.NS,Consumer Discretionary,36.3,0.240729325568,240729325568.0,38.61702,24.693375,,—,0.0,3.3538289547232774,0.2777354596948231,,41.694117647058825,5.8549999999999995,10.788,40.591555059424216,0.1203263669337803,-11.549711434517619,-2.754481361600991,-8.070709555158862,28.913046807715638,True,PE:Yahoo | FwdPE:Yahoo | ROIC:Computed | IC:Yahoo | ET:Yahoo,0.338385,0.332818,0.286584,0.248084,10.901507396705522,0.0597184117957874,44.89084805131683,36,25.514717427266
MOTILALOFS,MOTILALOFS.NS,Financials,1026.5,0.618284843008,618284843008.0,31.849209,17.393803,1.916283182784093,Yahoo EPS growth,0.04538421866941717,85.35877229365411,0.1048430695080973,,2.5530356301144397,51.266999999999996,165.8,12.765178150572199,1.0701727513174475,14.37325905292479,8.710616891712997,50.900404263138554,34.13200828113651,True,PE:Yahoo | FwdPE:Yahoo | PEG:Yahoo(Yahoo EPS growth) | ROIC:Computed | IC:Yahoo | ET:Yahoo,0.231076,0.336594,0.18944,0.16674,11.49062447151361,0.15337968805722296,49.88360660612944,36,56.40451667374889
MPHASIS,MPHASIS.NS,Information Technology,2295.0,0.43792515072,437925150720.0,22.93624,18.092285,2.4,Yahoo,0.05232558139534883,27.5336848271822,2.002030444550113,17.743999,15.727994001705397,14.783,24.675,56.32317531242285,0.5781109377373894,-9.560217856246044,2.0274553048129196,7.840382852448524,30.0990684881297,True,PE:Yahoo | FwdPE:Yahoo | PEG:Yahoo(Yahoo) | ROIC:Computed | IC:Yahoo | ET:Yahoo,0.4384054,0.4242668,0.4002579,0.3732489,5.5097156948924475,0.10863734372504559,61.55452913908654,7,69.60109144842292
MCX,MCX.NS,Financials,3276.0,0.833788182528,833788182528.0,54.050488,40.93824,0.3744693250177179,Yahoo EPS growth,0.5466167355371901,89.58439701827837,5.822951559990328,,100.0,69.577,0.113,50.0,0.5618787258737502,10.57330278355404,13.815318612586736,31.42415897719779,37.10917540296547,True,PE:Yahoo | FwdPE:Yahoo | PEG:Yahoo(Yahoo EPS growth) | ROIC:Computed | IC:Yahoo | ET:Yahoo,0.0702,0.088894,0.066562,,,0.20684021739845368,50.77121810247868,33,57.408158969321995
MUTHOOTFIN,MUTHOOTFIN.NS,Financials,2792.1,1.12094019584,1120940195840.0,9.852153,8.746495,0.5592006188229056,Yahoo EPS growth,0.07820534085254603,8.190733851876896,6.401999999999999,31.735000000000003,,74.571997,393.56,50.0,-0.3523200986752709,-2.907113222349822,-11.834911624775991,-15.52536010023109,35.8147233874141,True,PE:Yahoo | FwdPE:Yahoo | PEG:Yahoo(Yahoo EPS growth) | ROIC:ROA-proxy | ET:Yahoo,0.5236426,0.6136577,0.5320494,0.4761364,3.220952468357341,0.2780748380184973,48.33787698750726,37,54.65672540566585
NATCOPHARM,NATCOPHARM.NS,Health Care,815.35,0.148703526912,148703526912.0,12.755789,17.213581,,—,-0.3007947477539738,6.018730013704894,2.782087277829601,,67.8062015503876,18.961,7.742,62.04700887135207,-0.24426747804993115,-10.768991330520327,-3.6418780158586683,-19.628872901332393,36.27122874294793,True,PE:Yahoo | FwdPE:Yahoo | ROIC:Computed | IC:Yahoo | ET:Yahoo,0.07352,0.07391,0.06473,0.1363,-18.597724070751298,0.03688930891433207,46.26871824032733,33,24.268734640286667
NBCC,NBCC.NS,Industrials,82.9,0.223829999616,223829999616.0,30.145454,29.607143,,—,0.0,11.752619683583317,,,7.525344605986179,9.309000000000001,0.008,32.84198201995394,0.3322685045505929,-9.337347814278662,-23.51740151426953,0.32825444275965676,29.089733527742723,True,PE:Yahoo | FwdPE:Yahoo | IC:Yahoo | ET:Yahoo,0.22595287,0.45597982,0.30223936,0.2910198,-8.089504375148627,0.055526147708761166,40.91476587484405,80,22.857169973821737
NCC,NCC.NS,Industrials,140.94,0.088488697856,88488697856.0,12.640359,10.226516,0.8023881784615382,Yahoo EPS growth,0.06372549019607845,11.851370382407103,0.7700881171855125,,3.3304273014052193,8.1870005,57.389,23.46684318607653,0.010544865551044728,-1.1086175860857694,-6.411452672432427,-0.8070303968311987,28.600382602762643,True,PE:Yahoo | FwdPE:Yahoo | PEG:Yahoo(Yahoo EPS growth) | ROIC:Computed | IC:Yahoo | ET:Yahoo,0.581183,0.623271,0.486829,0.517899,3.9176403418271777,0.021951644176998727,36.79199320069577,91,25.692461641979335
NHPC,NHPC.NS,Utilities,76.38,0.767239716864,767239716864.0,27.978022,11.934375,,—,0.014150943396226428,27.0454545454545,0.7623609662012991,,2.6207088398288043,46.019,113.111,47.56948063675309,0.15141246159794586,-1.445164834299395,2.4602150018207203,2.1459228781512962,23.717253352543143,True,PE:Yahoo | FwdPE:Yahoo | ROIC:Computed | IC:Yahoo | ET:Yahoo,0.380831,0.281553,0.222073,0.321377,5.821155697466107,0.1903313493263003,34.86652807966083,14,29.93047482394273
NLCINDIA,NLCINDIA.NS,Utilities,264.4,0.36662673408,366626734080.0,11.123264,9.756457,,—,-0.17372881355932202,21.799746514575396,3.481516917803077,,6.119353623995154,28.304002,82.0,58.54447468535577,0.13669667414233266,-3.6267585149157955,-15.648434008721534,1.8882442761018803,40.34482057167894,True,PE:Yahoo | FwdPE:Yahoo | ROIC:Computed | IC:Yahoo | ET:Yahoo,0.471675,0.504246,0.444305,0.382561,7.229444145788588,0.09095014173896097,40.72830198106697,11,34.96239758318144
NMDC,NMDC.NS,Materials,82.4,0.72444575744,724445757440.0,9.716982,7.97071,,—,0.0022321428571428093,40.23762376237628,2.634060770330901,,88.70132013201321,34.81,18.802,74.8669578778044,0.300843780432493,-3.0588217342601087,-6.459297364693217,4.84795185841147,26.281991209207657,True,PE:Yahoo | FwdPE:Yahoo | ROIC:Computed | IC:Yahoo | ET:Yahoo,0.679525,1.134313,0.761079,0.673886,0.27815505304034094,0.1797153295072577,37.33516515767811,23,33.77256920945511
NSLNISP,NSLNISP.NS,Materials,43.66,0.127950249984,127950249984.0,155.92857,,1.0813873545619923,Yahoo EPS growth,0.7209653846153846,51.35004821600771,0.45117677505168846,,3.2969546276508304,4.299,35.019,18.18694965002206,0.3581731147740954,-0.7727276195179322,-8.756528234739813,15.228293878885735,44.67398818723657,True,PE:Yahoo | PEG:Yahoo(Yahoo EPS growth) | ROIC:Computed | IC:Yahoo | ET:Yahoo,0.366184,0.3879,0.300769,0.33899,2.6055436499317297,0.03174098419413411,52.97419346675065,12,59.899112794033385
NTPCGREEN,NTPCGREEN.NS,Utilities,86.94,0.732585132032,732585132032.0,140.22581,30.986809,,—,-0.0892857142857143,8.178025034770506,0.3044920714086944,,3.013255417799488,58.36299700000001,165.281,45.9577426580276,-0.2688289609090778,-5.8683392519790045,-11.4122651496812,-11.421292827506424,20.656083915770946,True,PE:Yahoo | FwdPE:Yahoo | ROIC:Computed | IC:Yahoo | ET:Yahoo,0.091263,0.065329,0.068021,0.062227,13.615772486248613,0.18173448742455067,63.139718586067794,1,54.20103066222802
NTPC,NTPC.NS,Utilities,333.4,3.23286859776,3232868597760.0,10.195718,11.832753,1.0049735424657542,Yahoo EPS growth,0.05887096774193545,18.057663125948377,0.37267665964353447,,4.979838797683899,18.428,118.127,35.03090878771756,-0.5796284795881279,-2.105587441243506,-5.216832574898589,-12.341913405146276,17.66015012094729,True,PE:Yahoo | FwdPE:Yahoo | PEG:Yahoo(Yahoo EPS growth) | ROIC:Computed | IC:Yahoo | ET:Yahoo,5.074096,4.968777,4.584568,4.706536,2.538217832962819,0.8019869525541721,38.197117995701234,13,40.986941541234856
NH,NH.NS,Health Care,1869.2,0.379634221056,379634221056.0,46.30171,26.67155,,—,-0.09905660377358495,55.56216537775133,0.9569001035179273,,6.981431109251213,11.686,129.033,39.526603435166514,0.2845356580072202,2.069562678601078,0.05035681991880647,9.841270342263208,27.313651013346522,True,PE:Yahoo | FwdPE:Yahoo | ROIC:Computed | IC:Yahoo | ET:Yahoo,0.2683634,0.2593806,0.215117,0.164379,17.74947617854583,0.09417694620837194,40.99329609986321,39,21.501685434872776
NATIONALUM,NATIONALUM.NS,Materials,361.0,0.66302410752,663024107520.0,9.82313,9.309279,0.23243360067307692,Yahoo EPS growth,0.20025673940949937,65.85791374203758,0.3786507198448519,,100.0,47.623003000000004,0.277,69.78360005931346,0.08688307218987402,-9.633580982091027,-1.2907369527973667,-6.100341378312358,40.666605297486925,True,PE:Yahoo | FwdPE:Yahoo | PEG:Yahoo(Yahoo EPS growth) | ROIC:Computed | IC:Yahoo | ET:Yahoo,0.530238,0.4899,0.473095,0.429234,7.298152547441772,0.16447828526910926,47.021868276682454,16,53.16868473814531
NAVA,NAVA.NS,Utilities,551.85,0.156346056704,156346056704.0,20.622196,,0.181681150940499,Yahoo EPS growth,0.5675381263616559,21.114616193480565,1.55890645876466,,100.0,35.086,20.684,71.69206565416107,0.09480101210522113,-6.33910995371294,-7.727048716982332,-3.2136065793479496,32.969092892130156,True,PE:Yahoo | PEG:Yahoo(Yahoo EPS growth) | ROIC:Computed | IC:Yahoo | ET:Yahoo,0.12117959,0.11428452,0.09911151,0.09637333,7.93381747889923,0.03878521312211131,56.3125,4,60.42542648899695
NAVINFLUOR,NAVINFLUOR.NS,Chemicals,8543.5,0.438350839808,438350839808.0,55.247673,42.474667,0.42135868228799317,Yahoo EPS growth,0.5040203131612359,90.87845427993709,1.200204925710993,,9.341535850657616,30.179000000000002,32.091,63.94199187965055,1.0079454736838425,3.00819869785387,16.7862757159456,38.590060551757865,35.30137570225827,True,PE:Yahoo | FwdPE:Yahoo | PEG:Yahoo(Yahoo EPS growth) | ROIC:Computed | IC:Yahoo | ET:Yahoo,0.104508,0.093771,0.089237,0.07254,12.942482255502785,0.10874294563372115,60.21125724584034,7,53.827789454510096
NESTLEIND,NESTLEIND.NS,Consumer Staples,1383.3,2.667437359104,2667437359104.0,69.93428,55.71974,2.1841654869273475,Yahoo EPS growth,0.127553842264914,58.40686274509803,0.9236771021991209,,44.11168537511104,21.170999,8.621,57.32645324978777,1.1852839612979604,-8.202267806983254,-0.12576827050736483,15.617172281206981,20.09597772849845,True,PE:Yahoo | FwdPE:Yahoo | PEG:Yahoo(Yahoo EPS growth) | ROIC:Computed | IC:Yahoo | ET:Yahoo,0.636327,0.564352,0.507396,0.544764,5.315101430635072,0.6617188091836507,61.77702475397498,6,49.31456043361685
NETWEB,NETWEB.NS,Information Technology,5027.0,0.298834558976,298834558976.0,109.87978,60.6615,0.7476524931505374,Yahoo EPS growth,0.405679781420765,73.71852743504866,-0.49654234582664847,,31.124370648098555,14.297,39.019,45.2475,0.8966192474374604,3.919462965308851,9.05911437858855,55.91512009851674,57.99078848888375,True,PE:Yahoo | FwdPE:Yahoo | PEG:Yahoo(Yahoo EPS growth) | ROIC:Computed | IC:Yahoo | ET:Yahoo,0.0819686,0.0773702,0.0804925,,,0.074132743111517,44.69434264104038,18,50.53689911845799
NEULANDLAB,NEULANDLAB.NS,Health Care,23535.0,0.301951451136,301951451136.0,60.60567,47.949196,0.9138310542893208,Yahoo EPS growth,0.26235262948734933,94.57760314341847,1.0914158810941532,,31.93784999491889,30.601,16.072,65.99631033756616,2.4719922942531576,4.553531763660601,38.24164409756461,87.51785710951054,33.56172490453303,True,PE:Yahoo | FwdPE:Yahoo | PEG:Yahoo(Yahoo EPS growth) | ROIC:Computed | IC:Yahoo | ET:Yahoo,0.06415771,0.07762503,0.04397093,0.05142731,7.651069440538194,0.07490595945769649,53.9066801121117,16,35.34372046423482
NEWGEN,NEWGEN.NS,Information Technology,501.4,0.070777372672,70777372672.0,22.575417,17.147743,0.6839830073033702,Yahoo EPS growth,0.12535211267605642,15.657668903105002,4.066799097205494,,99.34878513044453,13.094,2.214,59.99645916219936,0.3354825853377583,-6.315399390811683,7.760514830268361,12.208301442280334,55.21508907665851,True,PE:Yahoo | FwdPE:Yahoo | PEG:Yahoo(Yahoo EPS growth) | ROIC:Computed | IC:Yahoo | ET:Yahoo,0.03566837,0.04526683,0.04002775,0.03206563,3.613058917570311,0.01755794511980413,44.111228718031725,19,49.87755908210634
NAM-INDIA,NAM-INDIA.NS,Financials,1189.6,0.761084116992,761084116992.0,47.168915,35.549,1.344398545454546,Yahoo EPS growth,0.1322115384615384,83.13278446274012,5.8686373995384695,,100.0,71.078,1.617,50.0,1.4070020473835683,1.0705161925180562,5.268557234008253,46.00715457610527,31.93786282482705,True,PE:Yahoo | FwdPE:Yahoo | PEG:Yahoo(Yahoo EPS growth) | ROIC:Computed | IC:Yahoo | ET:Yahoo,0.076687,0.073873,0.070528,0.060661,8.127806861884789,0.1888043120734071,61.02784050535696,17,69.00555275657092
NIVABUPA,NIVABUPA.NS,Financials,79.93,0.147842105344,147842105344.0,75.40566,23.584501,0.25549876083333334,Yahoo EPS growth,0.4615384615384615,52.00836820083684,,12.1350005,3.275843503230438,7.807,6.799,53.876160688219805,0.9462345832100815,-5.048705137315956,-5.183870211604824,14.087929047281778,20.223985176780467,True,PE:Yahoo | FwdPE:Yahoo | PEG:Yahoo(Yahoo EPS growth) | IC:Yahoo | ET:Yahoo,0.247126,0.213856,0.161103,0.193175,8.556501731445753,0.036675613604023626,43.08696085023056,53,48.71939635173397
NUVAMA,NUVAMA.NS,Financials,1737.2,0.320424968192,320424968192.0,29.848797,20.695246,1.0926965964371256,Yahoo EPS growth,0.09469804366316985,66.07161283665258,0.10677869907237197,,2.14116580565537,37.21,282.325,10.70582902827685,1.2180801786685347,2.386986571905503,4.593890398955813,48.15116869191349,37.57074691916597,True,PE:Yahoo | FwdPE:Yahoo | PEG:Yahoo(Yahoo EPS growth) | ROIC:Computed | IC:Yahoo | ET:Yahoo,0.057753,0.064364,0.054832,,,0.07948873763091528,47.65016970240233,38,53.879119300805876
NUVOCO,NUVOCO.NS,Materials,330.15,0.117915107328,117915107328.0,30.569443,19.521284,0.9839782340540545,Yahoo EPS growth,0.09919571045576404,30.45197740112993,0.10457595839245726,,4.8258134941262085,10.953,48.061,26.179006870014174,0.3963570402220733,-2.032642760687131,6.345621167608684,13.02635638408185,37.99352002510574,True,PE:Yahoo | FwdPE:Yahoo | PEG:Yahoo(Yahoo EPS growth) | ROIC:Computed | IC:Yahoo | ET:Yahoo,0.312871,0.330675,0.270127,0.28727,2.8864885527061013,0.029251537675117477,44.30101726774477,18,50.09215726666223
OBEROIRLTY,OBEROIRLTY.NS,Real Estate,1741.1,0.633067864064,633067864064.0,24.094934,16.313793,0.5627287525892858,Yahoo EPS growth,0.14495254529767038,58.81660783324928,1.079310699208418,,15.206912061124653,53.744,15.765,73.77246332603728,0.8928108883782407,-5.682558202278576,2.239718676625202,18.692714154600452,27.301719405725265,True,PE:Yahoo | FwdPE:Yahoo | PEG:Yahoo(Yahoo EPS growth) | ROIC:Computed | IC:Yahoo | ET:Yahoo,0.130089,0.174983,0.149264,0.098755,9.62101710649037,0.15704695434031912,41.266666666666666,8,36.450702207414786
ONGC,ONGC.NS,Energy,232.5,2.92491493376,2924914933760.0,6.7196536,5.5963416,0.5456433059999994,Yahoo EPS growth,0.05128205128205133,6.073888541014395,-6.6139488479970465,,12.016058921850696,2.931,42.548,35.77583333333333,-0.41878423014760247,-2.6722102892235644,-5.926927339079169,-11.590546477174735,21.295778460444563,True,PE:Yahoo | FwdPE:Yahoo | PEG:Yahoo(Yahoo EPS growth) | ROIC:Computed | IC:Yahoo | ET:Yahoo,20.498735,17.380519,16.742293,15.791108,9.086620053568971,0.7255920069970356,45.31088131759336,10,51.23403327590223
OIL,OIL.NS,Energy,489.8,0.796712435712,796712435712.0,9.532891,7.4355083,0.0482154821816839,Yahoo EPS growth,0.7710706150341686,70.14492753623189,1.65350798327141,,16.07084827920504,40.747002,58.741,76.13945028283092,0.06273143557896987,2.292963671128101,16.95498981711616,4.3038203374619055,32.05500795215223,True,PE:Yahoo | FwdPE:Yahoo | PEG:Yahoo(Yahoo EPS growth) | ROIC:Computed | IC:Yahoo | ET:Yahoo,1.250332,0.929327,0.833009,0.839411,14.204591157538315,0.19764273092367515,44.86931818181819,11,50.734747900428125
OLAELEC,OLAELEC.NS,Consumer Discretionary,38.54,0.170295967744,170295967744.0,,,,Yahoo EPS growth,0.11340206185567009,42.01702347175651,2.239592481995433,,,-64.176005,82.453,11.409939085741366,1.432759310745173,-2.848493333943636,-10.51775902343749,67.05678988012227,48.79066755302286,True,ROIC:Computed | ET:Yahoo,0.0455,0.0265,0.047,0.0828,-18.09186829262124,0.04224580742251781,13.450489245800103,52,5.733664776828648
OLECTRA,OLECTRA.NS,Consumer Discretionary,1209.5,0.099276652544,99276652544.0,55.86605,27.933025,,—,-0.23841059602649006,40.45540349221331,0.509061354821744,,8.721400644126652,9.316,30.841,40.82893566950308,1.2244521160081097,-12.583114965162402,-5.137254901960786,33.831258644536646,37.90623822923888,True,PE:Yahoo | FwdPE:Yahoo | ROIC:Computed | IC:Yahoo | ET:Yahoo,0.05755064,0.0644721,0.06635999,0.06566234,-4.300147732490112,0.024627842928323262,40.21739230206459,38,22.85845433518336
PAYTM,PAYTM.NS,Financials,1807.5,1.158848053248,1158848053248.0,178.60672,56.323097,0.7114496463157894,Yahoo EPS growth,0.39583333333333337,96.42621508687046,5.932599217949367,,81.66666666666667,2.9409999,1.073,50.0,1.644912018224101,12.26708074534162,61.182446999181074,79.1200122614678,40.64225367403098,True,PE:Yahoo | FwdPE:Yahoo | PEG:Yahoo(Yahoo EPS growth) | ROIC:Computed | IC:Yahoo | ET:Yahoo,0.2448,0.2264,0.2194,0.1918,8.472821522061146,0.2874787485459974,55.08849837419516,28,62.289804937586
ONESOURCE,ONESOURCE.NS,Health Care,1592.2,0.182582165504,182582165504.0,,21.088741,0.15398128349206347,Yahoo EPS growth,0.6847826086956522,61.65898617511522,0.13928252035193392,,2.7672089663403296,11.491999999999999,25.791,20.066462250861964,0.19379419683632298,1.330102570755809,-0.48128465058355774,6.773068891306511,28.08632254941972,True,FwdPE:Yahoo | PEG:Yahoo(Yahoo EPS growth) | ROIC:Computed | IC:Yahoo | ET:Yahoo,0.0449023,0.0428217,0.029034,0.0375763,6.116974067562486,0.0452936796146779,20.580413370955156,46,10.794779062018486
OFSS,OFSS.NS,Information Technology,11763.0,1.0243588096,1024358809600.0,30.02987,25.94684,0.21609204590237852,Yahoo EPS growth,0.6003654574986466,87.67742447070019,0.38687653774122466,49.897000000000006,100.0,59.574000000000005,0.567,69.84134480814173,2.5564648749426895,3.0035026269702225,23.814536077048576,85.41212993382443,32.23538414886363,True,PE:Yahoo | FwdPE:Yahoo | PEG:Yahoo(Yahoo EPS growth) | ROIC:Computed | IC:Yahoo | ET:Yahoo,0.31252,0.20652,0.19659,0.18522,19.050158675980768,0.2541156175052529,39.19162408478513,21,44.3148514023029
POLICYBZR,POLICYBZR.NS,Financials,1797.3,0.830532091904,830532091904.0,111.08158,53.659737,0.5908959133928573,Yahoo EPS growth,0.45405405405405397,72.1926024658447,5.162463316475003,,22.604745214343488,5.251,4.922,50.0,0.6345136309164431,3.3525042454356058,13.674029256882768,22.875511644625245,30.7684601999678,True,PE:Yahoo | FwdPE:Yahoo | PEG:Yahoo(Yahoo EPS growth) | ROIC:Computed | IC:Yahoo | ET:Yahoo,0.188828,0.206133,0.177115,0.134799,11.890506797666411,0.2060324696914818,56.37630454732289,23,63.74595636100402
PCBL,PCBL.NS,Chemicals,331.05,0.13025579008,130255790080.0,50.235203,21.221153,0.3644184204827588,Yahoo EPS growth,0.29116465863453805,52.41915266984207,0.26582278481012656,,2.581125747338745,11.82,124.132,20.741883066311956,0.41627572503666516,4.613675153340102,10.746334512786282,23.40887266419398,45.15083724663121,True,PE:Yahoo | FwdPE:Yahoo | PEG:Yahoo(Yahoo EPS growth) | ROIC:Computed | IC:Yahoo | ET:Yahoo,0.247337,0.206606,0.184562,0.211405,5.371851553880069,0.0323129261149606,34.05250089701197,21,30.44232810485793
PGEL,PGEL.NS,Consumer Discretionary,545.0,0.156140699648,156140699648.0,76.330536,32.91063,0.011480452325581394,Yahoo EPS growth,1.0,52.177050757758,0.9544337013574039,,9.316999185568468,5.9830000000000005,19.567,42.547088447514376,0.5710448663887366,-11.382113821138207,3.3273272133474086,8.52249835775083,34.85647687328836,True,PE:Yahoo | FwdPE:Yahoo | PEG:Yahoo(Yahoo EPS growth) | ROIC:Computed | IC:Yahoo | ET:Yahoo,0.20339574,0.17166752,0.14121302,0.06553661,45.86551394980478,0.03873426961032087,35.167800596364856,45,24.985507450453603
PIIND,PIIND.NS,Chemicals,2259.0,0.342704193536,342704193536.0,29.410234,21.271187,,—,-0.20163083765752407,4.1415433339423835,1.9736858598165732,,100.0,15.491,3.048,56.82108934546006,-0.37145476622046997,-9.43351017206907,-21.22625610977984,-21.723982506791405,33.08739973853925,True,PE:Yahoo | FwdPE:Yahoo | ROIC:Computed | IC:Yahoo | ET:Yahoo,0.17023,0.15652,0.13757,0.18723,-3.1231028086720736,0.08501560873581648,53.290836530868724,12,38.112845469095234
PNBHOUSING,PNBHOUSING.NS,Financials,1178.9,0.307461750784,307461750784.0,13.298365,11.2427,,—,0.021198830409356748,93.23511101888361,,,,75.16100399999999,287.733,0.0,1.9161711498024454,1.840018078554606,16.78956869767625,52.29125225035498,26.329189945794678,True,PE:Yahoo | FwdPE:Yahoo | ET:Yahoo,0.092344,0.092173,0.086448,0.084406,3.04140877547201,0.07627291523976008,22.456424428850653,94,20.31358760614153
PTCIL,PTCIL.NS,Industrials,23630.0,0.354273918976,354273918976.0,285.69702,61.01949,1.0018125223880598,Yahoo EPS growth,0.3045454545454545,95.09220701963118,1.6516643581080788,,26.818987223724704,18.276999999999997,17.341,58.030203709951046,0.14776494618019226,25.05953956073035,26.661663807890214,31.584808998774918,44.15979301401643,True,PE:Yahoo | FwdPE:Yahoo | PEG:Yahoo(Yahoo EPS growth) | ROIC:Computed | IC:Yahoo | ET:Yahoo,0.01917975,0.02254707,0.01555343,0.01246254,15.454835170744929,0.08788574359188307,65.55435568132124,13,45.777698414424734
PVRINOX,PVRINOX.NS,Communication Services,1237.1,0.121483165696,121483165696.0,43.483303,21.112556,0.10331277403197159,Yahoo EPS growth,1.0,87.43038981702463,1.0076130084540744,,3.1697234762979685,13.192001000000001,91.874,28.324261142618287,0.6939802464225983,5.186633897310444,30.372003768240585,27.025356255661535,31.468795359706007,True,PE:Yahoo | FwdPE:Yahoo | PEG:Yahoo(Yahoo EPS growth) | ROIC:Computed | IC:Yahoo | ET:Yahoo,0.16222,0.15473,0.18798,0.14496,3.821047310800174,0.030136676111944278,22.08645465811313,12,15.420099181672914
PAGEIND,PAGEIND.NS,Textiles,35365.0,0.39445676032,394456760320.0,52.08318,40.690636,,—,-0.0050395143740693815,34.566366179670496,2.9438580008780817,,24.534718160734094,18.332,18.422,61.92939958372486,0.6858282548154345,-2.6280124507046643,-8.97157965997264,15.683900702726694,26.700435604478468,True,PE:Yahoo | FwdPE:Yahoo | ROIC:Computed | IC:Yahoo | ET:Yahoo,0.14204453,0.12525994,0.13867571,0.12908582,3.240157575999958,0.09785401588626931,65.3125,2,38.22946503694368
PARADEEP,PARADEEP.NS,Chemicals,155.96,0.161967620096,161967620096.0,15.112404,13.620961,0.5690949458904109,Yahoo EPS growth,0.119672131147541,55.000488806334936,0.7169536004623609,,6.2411103716407,10.035,101.822,34.41327532258268,0.8662100244622416,7.010998445245953,23.431652813557125,39.849747306392814,37.91083909648094,True,PE:Yahoo | FwdPE:Yahoo | PEG:Yahoo(Yahoo EPS growth) | ROIC:Computed | IC:Yahoo | ET:Yahoo,0.612425,0.470197,0.574867,0.45035,10.79008985362837,0.04017977041913971,37.447211424145884,19,33.477138734496414
PATANJALI,PATANJALI.NS,Consumer Staples,341.0,0.370966986752,370966986752.0,18.829376,18.68493,0.2169019846153846,Yahoo EPS growth,0.4307228915662651,4.464597139867461,0.645445408367746,,15.976899633709568,4.322,21.295,41.76913869337135,-0.8410593976286855,-2.998205006068533,-19.341821511493396,-28.46226516321958,30.276173393871318,True,PE:Yahoo | FwdPE:Yahoo | PEG:Yahoo(Yahoo EPS growth) | ROIC:Computed | IC:Yahoo | ET:Yahoo,1.13374512,1.11556031,1.04837104,0.87660253,8.952592923950874,0.09202684062370507,40.409549337870665,19,32.25760986149501
PERSISTENT,PERSISTENT.NS,Information Technology,5516.0,0.861770416128,861770416128.0,45.250206,31.187147,3.35,Yahoo,0.06288734961720742,54.002973030367386,2.1367071091993073,25.202999999999996,40.25592306210616,15.962000000000002,6.94,57.731659075372214,0.49721717101081236,-0.12674271229404788,10.339039949569418,19.32306509298243,39.117329286388475,True,PE:Yahoo | FwdPE:Yahoo | PEG:Yahoo(Yahoo) | ROIC:Computed | IC:Yahoo | ET:Yahoo,0.4303227,0.4055937,0.3778205,0.3333587,8.883186160749212,0.21378185006056444,72.38197381355161,1,81.84392682512394
PETRONET,PETRONET.NS,Energy,287.2,0.430800044032,430800044032.0,10.23521,10.125611,0.27497982813725486,Yahoo EPS growth,0.18411552346570398,56.94673256452499,2.792414285639699,,27.483671590759656,24.001,10.507,66.27347745992593,-0.2003953424482613,2.6264091274655454,0.4547108563484503,-2.0852037276201663,23.51158863037034,True,PE:Yahoo | FwdPE:Yahoo | PEG:Yahoo(Yahoo EPS growth) | ROIC:Computed | IC:Yahoo | ET:Yahoo,0.555784,0.944209,1.116383,1.100913,-20.374712518174277,0.10686979814546597,60.76831359530204,3,68.71209983843968
PFIZER,PFIZER.NS,Health Care,4060.2,0.185744932864,185744932864.0,25.253141,19.839727,2.4325742422551944,Yahoo EPS growth,0.040779283639883805,0.40669071826827274,2.940581516770872,,100.0,35.717999999999996,1.671,76.40966526177898,0.27316482661313884,-19.08083800722944,-8.67480609585154,-12.29519954494237,24.840820637193588,True,PE:Yahoo | FwdPE:Yahoo | PEG:Yahoo(Yahoo EPS growth) | ROIC:Computed | IC:Yahoo | ET:Yahoo,0.065317,0.062923,0.064503,0.064234,0.558878390181472,0.04607827635283228,63.31039392916655,4,41.50923152491271
PHOENIXLTD,PHOENIXLTD.NS,Real Estate,1890.0,0.676011180032,676011180032.0,52.911533,37.85819,1.6228383356687897,Yahoo EPS growth,0.11664190193164935,60.26696961090599,0.8712029174419416,,6.999612247599037,50.796,37.211,62.74753131402605,0.8317003020964191,-0.315865242847968,1.3008986492454522,21.29876470630634,25.98848394628636,True,PE:Yahoo | FwdPE:Yahoo | PEG:Yahoo(Yahoo EPS growth) | ROIC:Computed | IC:Yahoo | ET:Yahoo,0.1074944,0.12331985,0.11211933,0.09529853,4.095801340315841,0.1677000254640914,69.404857102396,1,61.3050673179551
PWL,PWL.NS,Industrials,136.1,0.394812522496,394812522496.0,1944.2858,64.121895,1.7862603623109279,Yahoo EPS growth,0.17948641853375719,69.27732289070843,4.219854210627278,,5.455361305361305,-11.691,23.018,34.22487577265113,0.8951667545413228,15.124348416671541,24.40585393531347,61.86965168838461,52.21965967186196,True,PE:Yahoo | FwdPE:Yahoo | PEG:Yahoo(Yahoo EPS growth) | ROIC:Computed | IC:Yahoo | ET:Yahoo,0.105391,0.09188,0.1082419,0.084709,7.55352701302785,0.09794227082603457,58.88733564629181,24,41.12200728125008
PIDILITIND,PIDILITIND.NS,Chemicals,1566.9,1.594915684352,1594915684352.0,60.242214,49.3847,1.6654738112244902,Yahoo EPS growth,0.14826021180030255,68.65105908584171,2.0788965079341453,,65.63998524529694,24.093,3.776,64.32692192247646,1.2503998282541269,-7.617472615506726,0.4444156825454293,17.774825159682695,20.30734266066196,True,PE:Yahoo | FwdPE:Yahoo | PEG:Yahoo(Yahoo EPS growth) | ROIC:Computed | IC:Yahoo | ET:Yahoo,0.455155,0.358338,0.370991,0.37531,6.64071802720132,0.39565529207112843,73.23763520631341,1,65.47313888390863
PINELABS,PINELABS.NS,Financials,202.17,0.23327547392,233275473920.0,182.13513,50.78232,0.16513111266321082,Yahoo EPS growth,1.0,45.179875393582094,2.21885586154009,,6.843955488113303,3.083,7.474,34.21977744056651,0.09345243321128098,21.3651074238707,34.699182558316146,26.83187321841187,58.49784330582051,True,PE:Yahoo | FwdPE:Yahoo | PEG:Yahoo(Yahoo EPS growth) | ROIC:Computed | IC:Yahoo | ET:Yahoo,0.073692,0.070051,0.074427,0.061591,6.161658835804507,0.057869313514430594,46.66704919771461,43,52.76748281997152
PIRAMALFIN,PIRAMALFIN.NS,Financials,2255.6,0.532651343872,532651343872.0,30.211626,15.248893,0.22989362961876478,Yahoo EPS growth,0.3316510558663025,93.3608402100525,0.24879884824027362,6.038,40.49502613387287,24.709,286.781,78.41192937980026,0.7641309932400665,8.987243487794494,12.678591399610672,29.852584212369358,27.30597359505298,True,PE:Yahoo | FwdPE:Yahoo | PEG:Yahoo(Yahoo EPS growth) | ROIC:Computed | IC:Yahoo | ET:Yahoo,0.321445,0.299146,0.285742,0.251058,8.58692546575146,0.13213634118682555,43.52622650241571,50,49.216083910805494
PPLPHARMA,PPLPHARMA.NS,Health Care,211.35,0.280042668032,280042668032.0,,51.8905,3.2172110000000007,Yahoo EPS growth,0.08064516129032256,79.3435712134899,1.4072055062481799,,3.63889463573223,-1.2489999999999999,69.977,20.656826101126978,1.3168046470292836,0.5279683130467117,26.405508349943553,45.21782042960507,33.93810328462831,True,FwdPE:Yahoo | PEG:Yahoo(Yahoo EPS growth) | ROIC:Computed | IC:Yahoo | ET:Yahoo,0.226992,0.275177,0.213987,0.193371,5.488812328906012,0.0694709850179925,53.56959410370132,17,28.098168990500984
POLYMED,POLYMED.NS,Health Care,1738.5,0.176216899584,176216899584.0,55.864395,35.625,,—,-0.03145695364238412,60.11017498379778,2.4238866001703743,,31.058537945513294,16.911,11.227,59.37284289134221,1.0162330920558078,-3.902245253391856,14.851012464928083,38.236809461041354,41.465934384391296,True,PE:Yahoo | FwdPE:Yahoo | ROIC:Computed | IC:Yahoo | ET:Yahoo,0.05253755,0.05345114,0.04936555,0.04438816,5.779349309486337,0.04371462990603376,48.553732670938324,28,25.46726381884927
POLYCAB,POLYCAB.NS,Industrials,8241.0,1.241383436288,1241383436288.0,43.47895,32.441196,1.0030522188216808,Yahoo EPS growth,0.1617123983739838,45.567427086341326,1.1814765524980566,25.549,20.830953465868657,12.718001000000001,1.738,51.50306015754796,0.9767386962441947,-11.358502742820264,-13.672501977941575,15.105332463644515,27.09407880349664,True,PE:Yahoo | FwdPE:Yahoo | PEG:Yahoo(Yahoo EPS growth) | ROIC:Computed | IC:Yahoo | ET:Yahoo,0.8209732,0.8864477,0.7474881,0.5905976,11.603830485998646,0.30795353690207367,53.15165265921566,39,37.11668432056795
POONAWALLA,POONAWALLA.NS,Financials,445.25,0.389979734016,389979734016.0,46.720882,18.134247,0.05360854040145986,Yahoo EPS growth,1.0,40.176864244741886,0.024409975259474324,,57.16718458669981,38.981998000000004,468.058,50.0,0.6581246546418155,-11.428289399637237,10.360636145307378,9.036364232875837,31.09540645252223,True,PE:Yahoo | FwdPE:Yahoo | PEG:Yahoo(Yahoo EPS growth) | ROIC:Computed | IC:Yahoo | ET:Yahoo,0.227721,0.203234,0.177538,0.124816,22.19242221935258,0.09674338717573726,34.670659884382246,66,39.20289543174738
PFC,PFC.NS,Financials,353.45,1.166421000192,1166421000192.0,4.4780188,3.909845,0.17670468311688303,Yahoo EPS growth,0.11063218390804602,15.038314176245215,7.734699543407948,,1.6193569373446668,85.533994,536.837,8.096784686723334,-0.17770606982759574,-5.719241582797596,-15.64473870033094,-10.384589106626773,26.253169226888733,True,PE:Yahoo | FwdPE:Yahoo | PEG:Yahoo(Yahoo EPS growth) | ROIC:Computed | IC:Yahoo | ET:Yahoo,1.018634,1.101816,1.108945,1.084152,-2.0564147227805085,0.28935739113780623,22.696128406270535,93,25.663023189741303
POWERGRID,POWERGRID.NS,Utilities,269.1,2.502792577024,2502792577024.0,13.178257,13.862217,,—,-0.003846153846153821,25.483655770513707,0.28970439480783094,,4.182948309272612,55.737996,150.813,49.7460535642138,-0.6051775789633665,-0.1298964882757936,-5.81029240260813,-11.363636135184018,18.56271619670867,True,PE:Yahoo | FwdPE:Yahoo | ROIC:Computed | IC:Yahoo | ET:Yahoo,1.149672,1.166561,1.239509,1.119622,0.8867604964400755,0.6208749075398365,50.44439438609399,6,43.30298309979338
PREMIERENE,PREMIERENE.NS,Industrials,974.2,0.439799218176,439799218176.0,26.181135,19.708263,0.3718437466574586,Yahoo EPS growth,0.2650073206442166,66.28691983122363,1.8951356605967398,,20.27496460499171,25.124999999999996,86.005,64.58956689227391,1.1132896866831645,-5.947097288785253,-7.68502159278327,24.693734108403053,27.522783839376842,True,PE:Yahoo | FwdPE:Yahoo | PEG:Yahoo(Yahoo EPS growth) | ROIC:Computed | IC:Yahoo | ET:Yahoo,0.2462594,0.2230303,0.1936464,0.1820742,10.589731130762758,0.10910224899492256,39.50121212709915,86,27.584354341748234
PRESTIGE,PRESTIGE.NS,Real Estate,1498.0,0.645233901568,645233901568.0,58.469944,26.161333,,—,-0.22572572572572572,57.04697986577181,1.2129014334997041,7.752000000000001,2.6815775183274506,23.696,105.493,36.39548436997482,0.7702868995917234,-7.4680352455872345,-1.39465997449294,19.322659364472216,34.78015090774538,True,PE:Yahoo | FwdPE:Yahoo | ROIC:Computed | IC:Yahoo | ET:Yahoo,0.26751,0.40738,0.38726,0.24317,3.230970164458835,0.1600650180343564,58.22522278111093,3,41.144108366164616
PNB,PNB.NS,Financials,116.75,1.34180110336,1341801103360.0,6.074402,6.807199,0.03889828000000001,Yahoo EPS growth,0.8749999999999999,49.79536152796725,1.131,14.965999,,29.404999999999998,,40.338842773962554,0.35626247514758724,-0.714343365975556,8.131887265009418,7.560333685620146,23.226350314238932,True,PE:Yahoo | FwdPE:Yahoo | PEG:Yahoo(Yahoo EPS growth) | ROIC:ROA-proxy | ET:Yahoo,1.537045,1.465924,1.573823,1.617051,-1.677188527377227,0.33286443456536663,20.332893058307853,97,22.99085979464759
RRKABEL,RRKABEL.NS,Industrials,2424.4,0.274212978688,274212978688.0,45.046448,30.880396,0.24038269043137261,Yahoo EPS growth,0.6423173803526447,68.96015980468316,1.9098032820150552,,12.52121201233032,8.001000399999999,13.092,50.3686210676722,2.0403280578044067,-13.091489192996942,11.114167049529255,69.51535981596695,40.487042607185906,True,PE:Yahoo | FwdPE:Yahoo | PEG:Yahoo(Yahoo EPS growth) | ROIC:Computed | IC:Yahoo | ET:Yahoo,0.31682,0.29641413,0.25358564,0.20586,15.455211289131544,0.06802479732122946,35.648148706946856,96,24.893695980664813
RBLBANK,RBLBANK.NS,Financials,412.55,0.639497076736,639497076736.0,34.010715,20.596039,,—,-0.0568181818181818,95.0566750629723,,,,13.972001,,0.0,1.1501840061098827,6.110338303460705,10.993720412280927,37.96467165614905,27.694988961309853,True,PE:Yahoo | FwdPE:Yahoo | ET:Yahoo,0.257729,0.274256,0.270934,0.255214,0.32740936344448635,0.15864186750249112,34.086626453907535,69,30.834012550087486
RECLTD,RECLTD.NS,Financials,312.7,0.823409180672,823409180672.0,5.146478,4.4100084,,—,-0.03066037735849059,10.00578368999419,,,,96.85299400000001,607.463,0.0,0.24309125454296446,-9.349172690043927,-10.894199583418551,-3.232077842307224,25.163779993802926,True,PE:Yahoo | FwdPE:Yahoo | ET:Yahoo,0.443013,0.536109,0.544554,0.519696,-5.182383893613441,0.20426546874494672,20.843990515556413,96,18.85501535388505
RHIM,RHIM.NS,Industrials,375.8,0.077603233792,77603233792.0,,20.460976,0.2957250437500001,Yahoo EPS growth,0.34594594594594585,28.475033738191634,0.7159868375545345,,12.154172379857785,8.676,12.595,45.80494023185164,0.03410876552622035,-1.9701164508544755,0.744963084820327,-0.500446423160672,43.08775193180262,True,FwdPE:Yahoo | PEG:Yahoo(Yahoo EPS growth) | ROIC:Computed | IC:Yahoo | ET:Yahoo,0.10139674,0.0932259,0.10920139,0.10353565,-0.6934199088846515,0.019251255996088998,36.39260657367093,92,20.330850646667407
RITES,RITES.NS,Industrials,209.15,0.100518273024,100518273024.0,24.095621,18.984865,,—,-0.05637254901960784,32.247403210576024,4.071771188067872,,100.0,18.431,0.236,64.45347994030537,0.3083861654050887,-6.441515973470802,0.9730035224903677,5.388211341482352,38.360110283851114,True,PE:Yahoo | FwdPE:Yahoo | ROIC:Computed | IC:Yahoo | ET:Yahoo,0.05322,0.076826,0.060859,0.054874,-1.0149932357387925,0.024935855269336442,44.89223990066376,68,25.079199061137608
RADICO,RADICO.NS,Consumer Staples,4368.1,0.585248538624,585248538624.0,82.99639,54.789986,0.721895085810811,Yahoo EPS growth,0.3794871794871794,83.13751668891858,0.20918530977489602,,16.293920496257787,14.869,20.939,47.56795955060799,2.685361471107276,-6.568704757587884,22.32910868278637,56.34411903928225,23.42806526189146,True,PE:Yahoo | FwdPE:Yahoo | PEG:Yahoo(Yahoo EPS growth) | ROIC:Computed | IC:Yahoo | ET:Yahoo,0.16836905,0.15037127,0.15467455,0.15060406,3.786737568911591,0.1451842776112389,50.11640680825148,13,40.006273887481456
RVNL,RVNL.NS,Industrials,204.9,0.427220631552,427220631552.0,47.651157,37.254543,,—,-0.15454545454545457,1.4396456256921442,3.5543489351949904,,2.9701895078524037,4.0310003,49.078,27.97624430486186,-0.6143555630225966,-10.635370550743739,-14.251706255750662,-26.488326171940223,25.804202932908733,True,PE:Yahoo | FwdPE:Yahoo | ROIC:Computed | IC:Yahoo | ET:Yahoo,0.432123,0.669591,0.468446,0.512298,-5.5152813852364595,0.10598184306162539,49.285724971953435,53,27.53363410200044
RAILTEL,RAILTEL.NS,Communication Services,259.9,0.08341188608,83411886080.0,24.087118,17.501682,,—,-0.0024271844660194736,8.874329958308506,0.5989057717823124,16.253999999999998,74.30711206896552,10.985,2.817,47.04313241504857,-0.0035985297655093374,-8.662799140381294,-18.104564252468336,-8.758579726721527,26.616588601894186,True,PE:Yahoo | FwdPE:Yahoo | ROIC:Computed | IC:Yahoo | ET:Yahoo,0.089327,0.166006,0.091345,0.074381,6.293550012564952,0.02069222497024641,42.95205923310251,8,23.990270006987668
RAINBOW,RAINBOW.NS,Health Care,1444.9,0.146585321472,146585321472.0,51.273952,36.526115,,—,-0.09716599190283404,68.61216730038025,1.1400108898232129,,7.168300758854374,19.67,53.558,47.6711098155828,1.28400965120758,-2.503372171790652,2.0933912315210135,23.364302374263033,20.146012548835408,True,PE:Yahoo | FwdPE:Yahoo | ROIC:Computed | IC:Yahoo | ET:Yahoo,0.0469985,0.0459901,0.0445448,0.0444799,1.8528998640528815,0.036363839637020175,46.07747790910374,34,24.168425813340587
RKFORGE,RKFORGE.NS,Consumer Discretionary,711.2,0.129302913024,129302913024.0,121.989716,35.500835,0.0604998152733119,Yahoo EPS growth,1.0,80.29745722053417,0.18852907432604035,,3.7988098965665134,9.783,74.422,22.491739299242855,0.8722353100731802,-3.0137700741619144,21.88517775613217,27.375101128429847,34.84022127015489,True,PE:Yahoo | FwdPE:Yahoo | PEG:Yahoo(Yahoo EPS growth) | ROIC:Computed | IC:Yahoo | ET:Yahoo,0.121667,0.12167754,0.1098516,0.090753,10.264895383140749,0.032076543180365076,29.21975909943822,48,20.759629442250002
REDINGTON,REDINGTON.NS,Industrials,393.7,0.30778458112,307784581120.0,18.08452,12.874428,0.16784439466666667,Yahoo EPS growth,0.38352272727272724,95.49400773803907,1.1707454279065044,,7.156713295074127,1.881,27.26,32.946735655973946,1.364299300589899,13.786130695673782,64.90959269736531,71.53972944596738,42.3320591935523,True,PE:Yahoo | FwdPE:Yahoo | PEG:Yahoo(Yahoo EPS growth) | ROIC:Computed | IC:Yahoo | ET:Yahoo,3.492247,3.321303,3.092173,2.595199,10.40229359866589,0.07635300068385764,18.633784648908865,111,13.012282175784401
RELIANCE,RELIANCE.NS,Energy,1257.5,17.017084051456,17017084051456.0,22.780796,17.61476,0.82,Yahoo,-0.1120300751879699,2.1270718232044326,2.0614905950177675,,8.400232790156302,12.331,36.653,49.13766627099191,-0.2091518246292945,-4.517843583902814,-5.365747005428312,-8.50190684682225,19.048666058643672,True,PE:Yahoo | FwdPE:Yahoo | PEG:Yahoo(Yahoo) | ROIC:Computed | IC:Yahoo | ET:Yahoo,30.9468,29.4059,26.4905,24.3632,8.299671492508075,4.221476675309819,72.04526723675741,1,81.46320512079922
RPOWER,RPOWER.NS,Utilities,21.58,0.089249931264,89249931264.0,,4.784922,,—,-0.13033175355450236,4.6138743455497275,0.9305059445352454,,1.850203665326222,18.153,92.348,27.679863673564366,0.1215017672664573,-7.062874410617348,-20.074074356644246,-3.011236297950315,33.34633070629879,True,FwdPE:Yahoo | ROIC:Computed | IC:Yahoo | ET:Yahoo,0.195632,0.188726,0.187284,0.197403,-0.2999486209064095,0.022140485524119163,18.328125,17,11.80005970115318
SBFC,SBFC.NS,Financials,98.19,0.108825264128,108825264128.0,22.520641,16.02516,0.5961359520000002,Yahoo EPS growth,0.13440860215053757,42.834101382488484,0.004047429001069632,,8.766094081174275,58.550999999999995,195.685,43.830470405871374,0.06091024135673152,4.446335719808325,5.78539405757128,6.116939086543871,27.427298423451713,True,PE:Yahoo | FwdPE:Yahoo | PEG:Yahoo(Yahoo EPS growth) | ROIC:Computed | IC:Yahoo | ET:Yahoo,0.0486954,0.0449934,0.0425399,0.037972,8.644602460476069,0.026996594293807658,51.28883819801242,32,57.99344366093877
SBICARD,SBICARD.NS,Financials,655.2,0.623516581888,623516581888.0,27.402761,18.430464,0.9441571031578943,Yahoo EPS growth,0.09760273972602745,22.462770616944063,,,,26.674,280.206,0.0,-0.27534667919711553,-0.21321404674999878,9.03644293340089,-7.750790255961815,27.374857874410047,True,PE:Yahoo | FwdPE:Yahoo | PEG:Yahoo(Yahoo EPS growth) | ET:Yahoo,0.406393,0.406398,0.42217,0.403508,0.2377607929169523,0.15467754047344476,50.32524958459785,34,56.90389232915317
SBILIFE,SBILIFE.NS,Financials,1684.7,1.690342916096,1690342916096.0,64.94603,48.24095,2.2005294884615374,Yahoo EPS growth,0.10961214165261389,2.971800433839489,0.349,13.703000000000001,100.0,1.711,,89.13892793608322,-0.23293398316022715,-7.025389008174665,-4.689976553466635,-11.53644562201599,19.36624511649005,True,PE:Yahoo | FwdPE:Yahoo | PEG:Yahoo(Yahoo EPS growth) | ROIC:ROA-proxy | IC:Yahoo | ET:Yahoo,4.635033,0.409492,4.611025,3.901294,5.9127026160472385,0.4193281981799875,84.54764873664283,3,95.59992926225708
SJVN,SJVN.NS,Utilities,66.18,0.260073832448,260073832448.0,37.602272,13.774071,,—,-0.07692307692307691,9.705159705159717,0.2375051474878991,,3.520115937013324,45.678999999999995,226.528,47.13556573324721,-0.3412163937976049,-0.8605270298039813,-9.034037366920122,-8.04076958566774,21.043076142826756,True,PE:Yahoo | FwdPE:Yahoo | ROIC:Computed | IC:Yahoo | ET:Yahoo,0.139438,0.149647,0.108197,0.10324,10.537859300169504,0.06451725890392654,45.776145543135335,10,39.295618094971445
SRF,SRF.NS,Chemicals,2482.4,0.735798296576,735798296576.0,34.014797,27.523773,0.364153003938294,Yahoo EPS growth,0.3779149519890261,14.900584795321647,0.49355040654795057,,14.070251800024407,22.17,36.195,55.70231123554678,-0.05182964401655472,-3.969056002176019,-8.578699079916664,-5.2995997736409395,25.671481961943176,True,PE:Yahoo | FwdPE:Yahoo | PEG:Yahoo(Yahoo EPS growth) | ROIC:Computed | IC:Yahoo | ET:Yahoo,0.49392,0.453183,0.36115,0.373858,9.727793115469474,0.18253158633617458,57.80138945612049,8,51.67341065672794
SAGILITY,SAGILITY.NS,Information Technology,45.2,0.211596050432,211596050432.0,21.320757,15.349559,0.3508470628571428,Yahoo EPS growth,0.21875000000000003,42.47506799637355,0.4094533740802082,,18.712783122567114,15.795,11.497,49.827256650015016,0.45569716145946126,5.954057488543163,13.372194712714247,19.755552873862236,30.286551140931017,True,PE:Yahoo | FwdPE:Yahoo | PEG:Yahoo(Yahoo EPS growth) | ROIC:Computed | IC:Yahoo | ET:Yahoo,0.1963483,0.2024257,0.1971153,0.1538942,8.459674742626632,0.052491236970175326,32.19245021334265,24,36.400727981929855
SAILIFE,SAILIFE.NS,Health Care,1585.0,0.336517070848,336517070848.0,93.45519,63.441208,3.285348271428571,Yahoo EPS growth,0.09655172413793105,87.73476427750096,1.0389003092771596,,17.358954101786487,18.414,11.614,55.593624082413015,1.7826044820750628,9.219959573460468,31.393512048662163,66.30817064175965,32.02516971226558,True,PE:Yahoo | FwdPE:Yahoo | PEG:Yahoo(Yahoo EPS growth) | ROIC:Computed | IC:Yahoo | ET:Yahoo,0.0554285,0.0602139,0.0556464,0.0496419,3.7436627061139705,0.08348075152786626,69.01136937447303,2,45.247055521740656
SAMMAANCAP,SAMMAANCAP.NS,Financials,147.3,0.16920158208,169201582080.0,,,,—,-0.24024390243902438,28.61610633307274,0.05334688082312486,,,52.971999999999994,273.033,0.0,0.3768082308535789,-8.978556889881107,-18.16666497124566,5.124185116168034,37.42684169637796,True,ROIC:Computed | ET:Yahoo,0.113694,0.113534,0.155957,0.162588,-11.24019234169581,0.04197432004310546,18.31626213592233,99,12.42636589455553
MOTHERSON,MOTHERSON.NS,Consumer Discretionary,164.45,1.7318608896,1731860889600.0,39.53125,23.731358,0.9255229620000004,Yahoo EPS growth,0.12820512820512817,87.79407694436753,0.42830968645327305,,8.868099452170249,4.978,43.908,37.169090350245845,1.5448403495499698,-1.762244358304088,11.609673118982,45.18285269740985,30.388316222701974,True,PE:Yahoo | FwdPE:Yahoo | PEG:Yahoo(Yahoo EPS growth) | ROIC:Computed | IC:Yahoo | ET:Yahoo,3.49124,3.401875,3.118529,2.987601,5.330069207833232,0.42962768052510003,40.096591923997195,39,28.487243423416846
SAPPHIRE,SAPPHIRE.NS,Industrials,225.74,0.072633647104,72633647104.0,,95.3878,0.11446535999999999,Yahoo EPS growth,1.0,44.38181912198149,0.6697807147539739,,4.038325933664142,4.7620002,102.058,22.406067389144283,0.8936718816226975,-2.5891084222732452,30.14702188811529,33.31364970892237,40.17442964190018,True,FwdPE:Yahoo | PEG:Yahoo(Yahoo EPS growth) | ROIC:Computed | IC:Yahoo | ET:Yahoo,0.089096,0.0792223,0.0813829,0.0776828,4.675355675503812,0.018018436423365126,33.94689594592443,101,18.964546273909043
SARDAEN,SARDAEN.NS,Materials,524.15,0.184700649472,184700649472.0,16.364347,11.074371,0.26514877825065275,Yahoo EPS growth,0.2088331515812432,38.06589874095899,1.962632533419868,,8.574931513001303,35.115,35.204,68.38804621358445,-0.4267404596533603,7.500450178353257,0.5755439665207085,-4.438610047546598,27.977333659896953,True,PE:Yahoo | FwdPE:Yahoo | PEG:Yahoo(Yahoo EPS growth) | ROIC:Computed | IC:Yahoo | ET:Yahoo,0.158947,0.124031,0.126112,0.151683,1.571486543248346,0.04581921798722679,55.071448056624135,9,62.270525759772724
SAREGAMA,SAREGAMA.NS,Communication Services,505.5,0.097035517952,97035517952.0,43.84215,32.30032,0.7768431392405063,Yahoo EPS growth,0.20789473684210527,74.20078519349411,1.4613184234899677,,76.21660465306456,26.434,4.281,64.10463411967115,0.9407376875368301,-2.0443732278899396,9.273669115967254,45.44670342532715,50.48280438042704,True,PE:Yahoo | FwdPE:Yahoo | PEG:Yahoo(Yahoo EPS growth) | ROIC:Computed | IC:Yahoo | ET:Yahoo,0.02636,0.028744,0.026038,0.020677,8.430791026035989,0.024071878264944373,56.7114380648533,4,39.594222487587224
SCHAEFFLER,SCHAEFFLER.NS,Consumer Discretionary,3950.5,0.617477636096,617477636096.0,49.258106,39.249805,3.009151716666664,Yahoo EPS growth,0.0652173913043479,45.51774992099442,2.2975110508220897,21.645,100.0,14.774999,0.783,57.22778166313923,0.19030139516811362,-4.248868413061013,-2.2443816754371126,-0.14029268486552837,21.58983503282222,True,PE:Yahoo | FwdPE:Yahoo | PEG:Yahoo(Yahoo EPS growth) | ROIC:Computed | IC:Yahoo | ET:Yahoo,0.276055,0.258564,0.27242,0.235259,5.4750622391604775,0.15317944193157343,78.30970871807304,1,55.63634283175819
SCHNEIDER,SCHNEIDER.NS,Industrials,1227.0,0.293380653056,293380653056.0,158.73221,51.338913,,—,-0.3812785388127854,67.11570967576705,1.9612763694803275,,8.04858383295431,3.873,70.795,40.59410953900475,0.8859244534534347,-14.309659956735333,0.8880158906205082,35.21405956189074,55.90061243436385,True,PE:Yahoo | FwdPE:Yahoo | ROIC:Computed | IC:Yahoo | ET:Yahoo,0.065136,0.058969,0.102917,0.065014,0.06251154504552936,0.0727797770827311,51.099900413522725,46,28.547129243513105
SCI,SCI.NS,Industrials,280.6,0.130703204352,130703204352.0,8.077145,85.030304,0.37361800242424237,Yahoo EPS growth,1.0,49.105080831408785,3.381355438674515,,16.554797166773987,32.518002,29.454,74.77222009262373,0.6596296771265573,-4.379489019402916,-8.763901678124054,17.854582071113946,33.706899282293826,True,PE:Yahoo | FwdPE:Yahoo | PEG:Yahoo(Yahoo EPS growth) | ROIC:Computed | IC:Yahoo | ET:Yahoo,0.184656,0.151321,0.161167,0.133887,11.311919280027372,0.03242391745212139,60.15270741148222,23,42.00563746031261
SHREECEM,SHREECEM.NS,Materials,22570.0,0.81434247168,814342471680.0,50.0,32.739536,0.67,Yahoo,-0.08828317987873348,2.5268477574226154,2.098764939351786,,23.830565105806013,18.603,38.149,59.814360218622426,0.39839083950183635,-10.596157654981187,-9.012200218764278,-1.4645456750044916,22.921239834217136,True,PE:Yahoo | FwdPE:Yahoo | PEG:Yahoo(Yahoo) | ROIC:Computed | IC:Yahoo | ET:Yahoo,0.623313,0.6101,0.480052,0.528088,5.681741661758766,0.2020162643327328,64.29681150698386,3,72.70185183981742
SHRIRAMFIN,SHRIRAMFIN.NS,Financials,1028.6,2.420341997568,2420341997568.0,18.147493,11.584566,0.39346395763313624,Yahoo EPS growth,0.14721254355400692,77.27726818635907,,18.495001,,68.518996,276.215,43.24649302493653,0.38802827339685214,-9.158356334039908,2.850449491352758,3.070788140761249,31.51611702865249,True,PE:Yahoo | FwdPE:Yahoo | PEG:Yahoo(Yahoo EPS growth) | ET:Yahoo,0.792282,0.711222,0.673388,0.599937,9.712989083040814,0.600421156651211,40.05406046065504,57,45.29002762255688
SHYAMMETL,SHYAMMETL.NS,Industrials,1074.8,0.299145396224,299145396224.0,26.525173,15.913822,0.469058054134897,Yahoo EPS growth,0.1696359529456382,90.0821917808219,1.1513407817210082,,19.01418998817501,9.275,8.133,48.49886305317153,1.1708198816158109,9.8191514685263,11.85723861032586,40.21745041793654,25.96325824896185,True,PE:Yahoo | FwdPE:Yahoo | PEG:Yahoo(Yahoo EPS growth) | ROIC:Computed | IC:Yahoo | ET:Yahoo,0.545509,0.524036,0.442146,0.445702,6.967647773624197,0.07420985339599827,34.3787899597348,100,24.00728162565129
ENRIN,ENRIN.NS,Industrials,3181.3,1.132926205952,1132926205952.0,76.326775,56.480015,1.6073110320002837,Yahoo EPS growth,0.17569721689059506,57.54452239611442,0.8636799546546917,,58.4113475177305,21.937999,4.483,57.65805219611925,0.5357366016997458,-10.667749847035047,-11.848481949802103,13.743793482285692,45.56631608120406,True,PE:Yahoo | FwdPE:Yahoo | PEG:Yahoo(Yahoo EPS growth) | ROIC:Computed | IC:Yahoo | ET:Yahoo,0.24856,0.23941,0.19109,0.26015,-1.507656738494323,0.28104824180288457,68.12019293544907,7,47.5694653043467
SIEMENS,SIEMENS.NS,Industrials,3957.0,1.40916883456,1409168834560.0,83.340355,58.388645,1.3663325606714227,Yahoo EPS growth,0.2136692291491155,85.46168958742635,2.8324375175103715,,100.0,7.4889995,2.213,52.6153818817111,0.8662268834013663,-0.7524454477050413,9.33610777247036,23.969465088338126,28.53976366903897,True,PE:Yahoo | FwdPE:Yahoo | PEG:Yahoo(Yahoo EPS growth) | ROIC:Computed | IC:Yahoo | ET:Yahoo,0.47137,0.46175,0.38307,0.51712,-3.040537048160019,0.34957654018048867,61.75001491428537,19,43.12106389351384
SIGNATURE,SIGNATURE.NS,Real Estate,760.85,0.107040964608,107040964608.0,10.256807,13.806472,0.21348896518518515,Yahoo EPS growth,0.3233532934131737,12.290194346289748,6.535242068990311,,2.5468804017540347,-9.312,161.04,28.093547007827684,-0.1197081817114628,-5.829573105944174,-3.4576831422612475,-9.686038986137568,32.21555807679696,True,PE:Yahoo | FwdPE:Yahoo | PEG:Yahoo(Yahoo EPS growth) | ROIC:Computed | IC:Yahoo | ET:Yahoo,0.0551989,0.1107266,0.0284438,0.0338492,17.704754207454787,0.02655395801237012,31.666448554447054,10,27.97086315568425
SOBHA,SOBHA.NS,Real Estate,1216.8,0.13014142976,130141429760.0,56.49025,16.83141,0.06142497327586208,Yahoo EPS growth,1.0,14.418604651162784,2.4231307697870204,,3.9089593114241,3.862,24.62,28.193064209387046,0.15995976647926793,-9.369874053730031,-12.542042092366524,-5.6097294449340085,23.50681481698317,True,PE:Yahoo | FwdPE:Yahoo | PEG:Yahoo(Yahoo EPS growth) | ROIC:Computed | IC:Yahoo | ET:Yahoo,0.1278152,0.1987835,0.0943113,0.0851934,14.478918431729193,0.03228455642353749,30.963761679495104,11,27.350182298884597
SOLARINDS,SOLARINDS.NS,Chemicals,22290.0,2.017023361024,2017023361024.0,101.01056,63.279118,0.7096793110208884,Yahoo EPS growth,0.4458289611752361,96.94872028417889,1.032485625199134,,20.550272449055758,25.502002,23.271,61.469704954783175,1.4247568311028405,9.673292658925403,31.979226982580087,56.502489268161526,32.86820290097345,True,PE:Yahoo | FwdPE:Yahoo | PEG:Yahoo(Yahoo EPS growth) | ROIC:Computed | IC:Yahoo | ET:Yahoo,0.36682,0.305275,0.254832,0.208222,20.774560095578522,0.5003687498028956,65.00813258594452,6,58.1161104040697
SONACOMS,SONACOMS.NS,Consumer Discretionary,788.0,0.491813208064,491813208064.0,70.42002,46.71271,1.0549724393258424,Yahoo EPS growth,0.2213930348258707,87.3217115689382,1.2556228789015587,,64.60420490572335,16.643,7.213,55.098337575171456,2.352202221355378,-1.4876889674780847,32.01207338716712,62.594460405089734,27.243469456313413,True,PE:Yahoo | FwdPE:Yahoo | PEG:Yahoo(Yahoo EPS growth) | ROIC:Computed | IC:Yahoo | ET:Yahoo,0.1301201,0.1257497,0.1199762,0.0853907,15.074193074429608,0.12200550812192944,54.40719323608008,16,38.654431295281576
SONATSOFTW,SONATSOFTW.NS,Information Technology,265.85,0.073585811456,73585811456.0,15.900121,12.689737,,—,-0.048498845265588904,27.385117797993946,2.9247027819378406,,17.68684561203122,4.340999999999999,37.962,50.22297193492031,0.5961367982781128,-18.23773301741093,-13.087880044660405,14.746122396506678,55.32933969046784,True,PE:Yahoo | FwdPE:Yahoo | ROIC:Computed | IC:Yahoo | ET:Yahoo,0.32791,0.253619,0.308058,0.21193,15.661123788627984,0.01825464255544247,31.244550832051303,25,28.263133454407225
STARHEALTH,STARHEALTH.NS,Financials,562.7,0.331094654976,331094654976.0,49.489887,20.071812,0.7911904730158733,Yahoo EPS growth,0.12684563758389258,70.14638828893692,10.976970801955186,7.507,12.77536684358414,13.664000000000001,,81.17206364656109,1.1414204844378184,-3.5233583871356666,6.440931849139431,21.71750531367622,22.113554159003655,True,PE:Yahoo | FwdPE:Yahoo | PEG:Yahoo(Yahoo EPS growth) | ROIC:Computed | IC:Yahoo | ET:Yahoo,0.528544,0.464816,0.456662,0.469258,4.0454646280591255,0.08213559732528598,60.043287052868244,18,67.89229600940794
SBIN,SBIN.NS,Financials,995.7,9.1909259264,9190925926400.0,10.649198,9.493624,0.53,Yahoo,0.060860534759358306,42.214700193423596,1.1320000000000001,15.177,,35.717,,40.53000658697704,0.25523837582693104,-8.060940701105146,-1.9304615208893483,-3.185524073133328,19.101424745304296,True,PE:Yahoo | FwdPE:Yahoo | PEG:Yahoo(Yahoo) | ROIC:ROA-proxy | ET:Yahoo,9.781429,10.112559,10.686578,,,2.280019262141341,43.4749845485038,51,49.15814348026203
SAIL,SAIL.NS,Materials,179.0,0.739363979264,739363979264.0,17.294685,11.2849455,0.09317844908256881,Yahoo EPS growth,0.6055555555555555,64.17736289381565,0.7260514826581398,,6.320707463742483,9.876999999999999,52.899,34.59823186619982,0.3352005162892773,6.118098039080877,-1.0995112618189418,19.420909152636856,39.686129546637346,True,PE:Yahoo | FwdPE:Yahoo | PEG:Yahoo(Yahoo EPS growth) | ROIC:Computed | IC:Yahoo | ET:Yahoo,2.624567,3.081349,2.737142,2.592176,0.41479967680797536,0.1834161354312741,27.5192447656989,27,31.116629406766126
SUMICHEM,SUMICHEM.NS,Chemicals,476.4,0.237793017856,237793017856.0,40.99828,32.63758,1.596111789041096,Yahoo EPS growth,0.10224089635854341,44.653717873258756,3.417669106124812,,100.0,20.319000000000003,1.865,64.68650641655502,0.8435458308814467,-12.962452700121386,0.6318582303469933,22.905287659157825,42.52020346280405,True,PE:Yahoo | FwdPE:Yahoo | PEG:Yahoo(Yahoo EPS growth) | ROIC:Computed | IC:Yahoo | ET:Yahoo,0.1063346,0.0683743,0.0567978,0.1056779,0.20671127259985766,0.058989993549731924,72.91424235515632,2,65.18403144620635
SUNPHARMA,SUNPHARMA.NS,Health Care,1840.0,4.414776016896,4414776016896.0,36.493458,28.512602,1.04,Yahoo,0.13684210526315788,58.52876327921426,2.1377224767273684,,55.61476498185359,23.247999,5.517,63.80646656805502,0.4409867401599543,-4.761904761904767,2.450285551162179,2.399109572960234,16.23861600071595,True,PE:Yahoo | FwdPE:Yahoo | PEG:Yahoo(Yahoo) | ROIC:Computed | IC:Yahoo | ET:Yahoo,1.518355,1.455975,1.546907,1.378607,3.2708174822825287,1.095186103899455,54.9365257396921,14,36.01893503702648
SUNTV,SUNTV.NS,Communication Services,476.0,0.18758426624,187584266240.0,12.255406,10.69663,0.14347193740685546,Yahoo EPS growth,0.3727777777777778,13.286384976525822,3.2831606169139804,,100.0,43.866003,0.837,80.78719296585895,-0.7617533359698825,0.5698427835367337,-7.11250405850633,-18.940667893763706,25.612635686667772,True,PE:Yahoo | FwdPE:Yahoo | PEG:Yahoo(Yahoo EPS growth) | ROIC:Computed | IC:Yahoo | ET:Yahoo,0.145788,0.088251,0.086216,0.129987,3.8980234894131716,0.04653456504021397,49.19480519480519,6,34.34633521176373
SUNDARMFIN,SUNDARMFIN.NS,Financials,4710.7,0.51920191488,519201914880.0,23.36425,21.274954,0.6287704019739546,Yahoo EPS growth,0.16917903525046388,43.282582216808756,,,0.002617395013377797,60.550000000000004,409.161,0.013086975066888985,-0.6254398335774813,5.304696609941373,6.01401613696364,-11.443851857780917,26.778832380920665,True,PE:Yahoo | FwdPE:Yahoo | PEG:Yahoo(Yahoo EPS growth) | IC:Yahoo | ET:Yahoo,0.136287,0.134177,0.127424,0.11545,5.6866579733606315,0.12879990289843937,47.13934397068847,41,53.301517149274716
SUPREMEIND,SUPREMEIND.NS,Industrials,3364.4,0.427553980416,427553980416.0,41.32154,32.229465,0.8321156846839544,Yahoo EPS growth,0.19365976145637168,15.040214477211803,0.5311324330352535,,100.0,10.142,1.473,45.92020870996955,-0.5108867845911454,-2.760195459276382,-4.558007615506076,-16.21063076806617,26.32762426914988,True,PE:Yahoo | FwdPE:Yahoo | PEG:Yahoo(Yahoo EPS growth) | ROIC:Computed | IC:Yahoo | ET:Yahoo,0.271766,0.352766,0.268694,0.260921,1.366712697913064,0.10606453786702577,57.7061760329876,26,40.29718385044722
SPLPETRO,SPLPETRO.NS,Chemicals,818.35,0.153883623424,153883623424.0,31.743597,32.603584,0.17149406336154774,Yahoo EPS growth,0.9505747126436782,68.90845751886975,1.7469979289156712,,37.963246501792014,17.762,5.61,57.94389553935985,0.2085673516988991,12.77474651044448,18.067544604516293,19.84620751848731,33.90492783478229,True,PE:Yahoo | FwdPE:Yahoo | PEG:Yahoo(Yahoo EPS growth) | ROIC:Computed | IC:Yahoo | ET:Yahoo,0.17122416,0.16032338,0.12758323,0.13980972,6.989845273999928,0.03817435026073071,51.9554636624812,13,46.44725732294342
SUZLON,SUZLON.NS,Industrials,44.12,0.606463852544,606463852544.0,19.266375,20.848888,0.35,Yahoo,-0.04166666666666665,25.439725439725436,1.5926253323611947,39.366,12.94236195082628,13.05,2.807,53.4558052217693,0.4419079349971777,-7.33039620610294,-23.825966286821508,6.544310781112017,31.39727958789328,True,PE:Yahoo | FwdPE:Yahoo | PEG:Yahoo(Yahoo) | ROIC:Computed | IC:Yahoo | ET:Yahoo,0.381936,0.546806,0.422818,0.311733,7.004638824566545,0.15044722116853965,48.71290200940017,57,34.017030812082886
SWANCORP,SWANCORP.NS,Chemicals,296.45,0.092924297216,92924297216.0,42.169273,,,—,-1.0,9.812782440284058,5.753675215668505,,,-3.392,24.561,18.541001265346488,-0.3746412927318153,-3.8273435768213626,-6.125510222423058,-14.500872499891305,28.489995977860676,True,PE:Yahoo | ROIC:Computed | ET:Yahoo,0.10137479,0.08696531,0.11500156,0.11383426,-3.790270641698412,0.02305199598713491,49.568162462541814,14,35.45044212296336
SWIGGY,SWIGGY.NS,Industrials,278.2,0.72888451072,728884510720.0,,,,Yahoo EPS growth,0.3131712837837838,17.817418677859386,2.7320896346175076,,,-13.916998999999999,13.929,12.783665382978379,-0.02062741051169442,-0.571828325854451,7.144239840784383,-1.3999580984936366,40.14705443369584,True,ROIC:Computed | ET:Yahoo,0.6812,0.6383,0.6148,,,0.18081646371934215,15.00110804105319,112,6.2853141578313565
SYNGENE,SYNGENE.NS,Health Care,382.65,0.154017841152,154017841152.0,69.9543,35.90082,,—,-0.5509259259259259,2.4366150806717077,1.2482311903702605,,22.466517857142858,3.8989999999999996,9.473,44.446475811914915,-0.1565612232615106,-4.647394583551778,-15.309454064471451,-8.819563426440046,26.64880074371497,True,PE:Yahoo | FwdPE:Yahoo | ROIC:Computed | IC:Yahoo | ET:Yahoo,0.0736,0.10365,0.09171,0.08745,-5.585361743019224,0.03820764603610866,55.25019299692341,13,28.979671874685437
SYRMA,SYRMA.NS,Industrials,1589.3,0.306138873856,306138873856.0,81.964935,51.313396,1.0086747556571425,Yahoo EPS growth,0.25436046511627913,93.10580204778157,1.1577737453620665,,13.114018132449722,8.756,13.045,48.09534539343437,2.48072192185078,7.983824421136343,22.27544697601429,112.06687962594137,41.95676036399609,True,PE:Yahoo | FwdPE:Yahoo | PEG:Yahoo(Yahoo EPS growth) | ROIC:Computed | IC:Yahoo | ET:Yahoo,0.1588618,0.1465012,0.126418,0.1145887,11.504543032065895,0.07594474537946137,52.71328674876704,41,36.81056610408765
TBOTEK,TBOTEK.NS,Industrials,1679.5,0.179343704064,179343704064.0,68.02349,33.537827,1.058145343850268,Yahoo EPS growth,0.15847457627118636,88.78516960294505,3.2208136997215053,,10.315358314784644,11.933,48.762,57.25569156517684,1.08422008255696,4.648263097458272,18.08338201097508,44.48554410918866,36.74279941188741,True,PE:Yahoo | FwdPE:Yahoo | PEG:Yahoo(Yahoo EPS growth) | ROIC:Computed | IC:Yahoo | ET:Yahoo,0.092578,0.081436,0.0784332,0.0511278,21.884990984756048,0.044490305229764965,55.82504548603626,30,38.98355905829573
TVSMOTOR,TVSMOTOR.NS,Consumer Discretionary,4125.0,1.96030824448,1960308244480.0,57.140877,35.975098,0.5358703692807424,Yahoo EPS growth,0.33566978193146424,71.38877835256665,0.07697057405638744,,3.7983955605403383,13.137999,306.09,24.32943701807997,1.0779341152339597,-5.002076955064682,20.06985882695387,24.51249922437615,27.380686595149516,True,PE:Yahoo | FwdPE:Yahoo | PEG:Yahoo(Yahoo EPS growth) | ROIC:Computed | IC:Yahoo | ET:Yahoo,1.629552,1.505273,1.475552,1.221005,10.099055605509854,0.48629926875055934,37.570874979282166,43,26.69280878520301
TATACAP,TATACAP.NS,Financials,362.9,1.530237812736,1530237812736.0,28.32943,17.027565,0.2565399678329903,Yahoo EPS growth,0.33186963309914125,71.01910828025476,0.13989824383629437,,12.44643247311306,57.055,502.931,50.0,0.6129870174847875,-0.23367865388745912,7.197291218039603,16.117565609339792,26.67469913199759,True,PE:Yahoo | FwdPE:Yahoo | PEG:Yahoo(Yahoo EPS growth) | ROIC:Computed | IC:Yahoo | ET:Yahoo,0.840388,0.794804,0.770445,0.728799,4.863421730566109,0.3796104676106025,39.917249695929286,58,45.135332611808124
TATACHEM,TATACHEM.NS,Chemicals,612.45,0.15602548736,156025487360.0,,19.697048,,—,-0.5338725985844287,7.2028677047160485,0.6088253659890377,,0.5952380952380952,5.1469997,36.081,10.888961214537611,0.06790615364206146,-8.868384297076693,-16.039481532943377,-7.29481024936417,23.172775416009454,True,FwdPE:Yahoo | ROIC:Computed | IC:Yahoo | ET:Yahoo,0.4255,0.3438,0.355,0.3719,4.590232564774843,0.03870568856876108,23.941666666666663,23,12.842053643838437
TATACOMM,TATACOMM.NS,Communication Services,1761.6,0.502206857216,502206857216.0,53.188408,22.486368,,—,-0.1469265367316342,55.75873015873015,1.5163081689645925,,6.770693277310924,7.454,335.854,37.73809187450098,0.6446361101964916,1.4629665435089034,-8.081149333170778,22.65359463347543,32.87223249641942,True,PE:Yahoo | FwdPE:Yahoo | ROIC:Computed | IC:Yahoo | ET:Yahoo,0.658282,0.655415,0.618897,0.595985,3.369452698752906,0.12458389037201696,42.14139788547931,9,23.53748648598896
TCS,TCS.NS,Information Technology,2200.8,7.96268691456,7962686914560.0,16.0,13.54346,2.88,Yahoo,0.023107456762120716,16.312263326536574,2.705583907688397,47.743,61.89079054604727,23.963,10.211,66.01697997375176,0.011083392707194498,-7.334734786184216,0.6305991925865451,-6.954105533481181,34.342304992582164,True,PE:Yahoo | FwdPE:Yahoo | PEG:Yahoo(Yahoo) | ROIC:Computed | IC:Yahoo | ET:Yahoo,7.2275,7.0698,6.7087,6.3437,4.443597217230866,1.9753265001787232,66.34058357590109,6,75.01279091542989
TATACONSUM,TATACONSUM.NS,Consumer Staples,991.0,0.980782743552,980782743552.0,59.879158,41.424328,0.55,Yahoo,0.13757396449704137,1.017984390906006,0.6927815227181082,,21.250675034663942,10.458,12.159,47.15777818620742,0.05451930041151785,-9.124254928931686,-12.370680112642752,-7.771726880766627,24.808242915004858,True,PE:Yahoo | FwdPE:Yahoo | PEG:Yahoo(Yahoo) | ROIC:Computed | IC:Yahoo | ET:Yahoo,0.534888,0.543362,0.5112,0.477891,3.82724595231152,0.24330557826074128,56.19235064126717,10,44.856499364311894
TATAELXSI,TATAELXSI.NS,Information Technology,3383.0,0.210759417856,210759417856.0,32.15474,23.531595,1.2987199335714288,Yahoo EPS growth,0.09059534081104399,1.120912137436921,4.483959210992401,,64.06943169284425,18.971,5.336,65.66194928264096,-0.29195476328488146,-10.455267337215457,-17.86841466375334,-19.067732511720102,29.49931378958472,True,PE:Yahoo | FwdPE:Yahoo | PEG:Yahoo(Yahoo EPS growth) | ROIC:Computed | IC:Yahoo | ET:Yahoo,0.10211075,0.09937512,0.09534743,0.08920959,4.605208045610754,0.05228369113595903,68.0416279178869,4,76.936200036745
TATAINVEST,TATAINVEST.NS,Financials,650.9,0.32932478976,329324789760.0,76.30716,,,—,-0.008650519031141914,17.349229697298128,,,,91.65100000000001,0.007,0.0,0.3490418858886506,-3.4845787587889587,-3.2766160031192815,5.236760226058279,24.98651118229825,True,PE:Yahoo | ET:Yahoo,0.019376,0.006928,0.009201,0.017997,2.491536299223518,0.08169654180289483,47.44292511775449,40,42.9158265477459
TMCV,TMCV.NS,Industrials,434.55,1.600356089856,1600356089856.0,38.151886,18.552912,0.2225175205063291,Yahoo EPS growth,0.41688654353562005,63.270843611248154,16.230937841157207,,10.1441647597254,6.851999999999999,44.095,66.67599773825435,0.3431729617600691,-8.47725379840375,6.847793152206849,3.2433486313199644,34.15363019746942,True,PE:Yahoo | FwdPE:Yahoo | PEG:Yahoo(Yahoo EPS growth) | ROIC:Computed | IC:Yahoo | ET:Yahoo,2.0576,2.5974,2.1732,1.7192,6.172371071640015,0.3970049090131332,39.66009214816856,85,27.695302906691044
TMPV,TMPV.NS,Consumer Discretionary,301.1,1.108918665216,1108918665216.0,,6.3175306,0.27,Yahoo,0.56,1.5267175572519107,16.220696083431527,,8.707110010611956,2.688,70.364,58.890593125605456,0.3541928207481309,-13.872997469467796,-22.866435724629174,-3.343615387245358,29.72782469159633,True,FwdPE:Yahoo | PEG:Yahoo(Yahoo) | ROIC:Computed | IC:Yahoo | ET:Yahoo,9.4827,10.4923,6.9605,7.1714,9.759643584382216,0.2750926225591809,33.42154775238801,46,18.99588410335328
TATAPOWER,TATAPOWER.NS,Utilities,364.65,1.165180534784,1165180534784.0,30.211267,21.83448,0.7860412799999996,Yahoo EPS growth,0.13888888888888895,18.096405228758154,1.8561940633458562,,3.355791895153778,14.453,168.051,33.417422722397966,-0.12452803026491407,-4.741377867101837,-8.785684067044308,-7.099746836072896,18.93845878678073,True,PE:Yahoo | FwdPE:Yahoo | PEG:Yahoo(Yahoo EPS growth) | ROIC:Computed | IC:Yahoo | ET:Yahoo,1.905126,1.49002,1.394841,1.554491,7.015125228078656,0.2890496653388053,47.71622733966114,8,51.20130321766856
TATASTEEL,TATASTEEL.NS,Materials,183.0,2.28279975936,2282799759360.0,20.701357,10.223464,,—,-0.12650602409638556,35.654336338203294,0.48774928165854614,,4.9915892988198785,9.252,89.017,28.204832791522026,0.13583499309871713,-1.0008147375876297,-6.632653061224492,1.7786393213155227,20.46198844272185,True,PE:Yahoo | FwdPE:Yahoo | ROIC:Computed | IC:Yahoo | ET:Yahoo,6.041178,6.268731,5.664605,5.821604,1.241753216252972,0.5663006605245376,35.18846059483461,24,31.830707478974052
TATATECH,TATATECH.NS,Information Technology,762.15,0.309472428032,309472428032.0,55.550293,32.329014,5.209944948461544,Yahoo EPS growth,0.031026252983293527,66.41032325338895,2.776619023218684,,30.2236225087925,13.259000000000002,23.908,57.28129753915362,1.4019954622381192,-12.235144750449578,0.5071289095513132,43.21360126342011,39.5498755219595,True,PE:Yahoo | FwdPE:Yahoo | PEG:Yahoo(Yahoo EPS growth) | ROIC:Computed | IC:Yahoo | ET:Yahoo,0.166443,0.157222,0.136573,0.124429,10.183012295830718,0.07677170969116798,72.36519004225737,2,81.82494903718472
TTML,TTML.NS,Communication Services,35.6,0.06959542272,69595422720.0,187.36841,,1.37,Yahoo,0.3885542168674699,14.897959183673478,,,0.45868005527948486,43.647999999999996,,34.86226685093161,0.03854941090763897,-8.105325421529441,-20.55345373111178,-6.903773766914623,31.169131416654633,True,PE:Yahoo | PEG:Yahoo(Yahoo) | IC:Yahoo | ET:Yahoo,0.030157,0.029554,0.029431,0.028425,1.9911653864420842,0.017264735417209718,65.5935699163085,2,45.7954601336584
TECHM,TECHM.NS,Information Technology,1541.0,1.365169012736,1365169012736.0,26.665512,17.69093,1.86,Yahoo,0.14219114219114226,43.08056010183671,-0.3131683667028386,,27.08476585655009,14.408999999999999,7.269,45.34083333333333,0.821225905091036,-5.979255643685177,9.278831175565273,18.62591384179424,29.96151160471715,True,PE:Yahoo | FwdPE:Yahoo | PEG:Yahoo(Yahoo) | ROIC:Computed | IC:Yahoo | ET:Yahoo,1.57119,1.50761,1.43932,1.33512,5.577036705221383,0.33866137862953477,46.281083943040436,16,52.33106321994841
TECHNOE,TECHNOE.NS,Industrials,972.15,0.113060634624,113060634624.0,26.24595,16.703608,,—,-0.05145413870246085,16.52645203041579,2.41236016458181,,100.0,14.791000000000002,1.744,57.573443076476224,-0.25706720428185176,-0.3957665418276357,-9.32869433186857,-11.524403561930619,43.290769241421415,True,PE:Yahoo | FwdPE:Yahoo | ROIC:Computed | IC:Yahoo | ET:Yahoo,0.0630341,0.1010037,0.0872197,0.0843425,-9.25075326652659,0.02804727475739916,45.144409725810526,66,25.220074572274093
TEGA,TEGA.NS,Industrials,1729.1,0.129903296512,129903296512.0,455.0263,19.671217,,—,-1.0,39.27914110429446,2.3706122328463093,,13.815656091608785,10.032,11.693,53.488120044096405,-0.20973750888607068,6.327069987984446,-2.8393625507845965,-1.4173701934677485,36.92444056660829,True,PE:Yahoo | FwdPE:Yahoo | ROIC:Computed | IC:Yahoo | ET:Yahoo,0.1723442,0.0526784,0.0403706,0.0405354,62.00213440758766,0.03222548202812356,49.355912664290216,52,27.57284468965771
TEJASNET,TEJASNET.NS,Communication Services,552.65,0.098297708544,98297708544.0,,,,—,-0.017288444040036353,73.74198146828225,0.3890642330702457,,5.522396563814866,-48.416,142.52,21.59796652446488,0.5791294102109119,2.3047041698806447,-4.944960232668438,30.20379515138285,48.17419127676782,True,ROIC:Computed | IC:Yahoo | ET:Yahoo,0.040182,0.033239,0.030643,0.020198,25.769227621077118,0.02438499349243058,24.03951110335123,11,10.0701987140277
TENNIND,TENNIND.NS,Consumer Discretionary,506.35,0.204365053952,204365053952.0,34.006042,24.285372,,—,-0.008174997348473996,31.194336606531177,5.780085529094666,,29.131325767730022,14.185001,4.289,63.7330536247899,0.12003249668645584,-5.07124429554745,-10.13399678169411,-1.3155271494046938,31.289169598407106,True,PE:Yahoo | FwdPE:Yahoo | ROIC:Computed | IC:Yahoo | ET:Yahoo,0.1544753,0.1552449,0.1285264,0.1285621,6.3119367019417005,0.05069742300726224,51.42059065715279,23,29.226042668220025
NIACL,NIACL.NS,Financials,198.39,0.326946717696,326946717696.0,42.572964,10.258015,,—,-1.0,64.80936082145983,,,18.63453011014161,-1.652,,50.0,0.6680270281673757,9.820097477185307,23.654805524788536,48.59520888346904,58.04422541503597,True,PE:Yahoo | FwdPE:Yahoo | IC:Yahoo | ET:Yahoo,1.187612,1.251826,1.204624,1.342668,-4.007939748672317,0.0811066066694709,38.17708920643637,61,34.53415518572461
RAMCOCEM,RAMCOCEM.NS,Materials,866.65,0.2047827968,204782796800.0,31.745422,32.910454,,—,-0.3166666666666667,7.535885167464119,0.28206110346765884,,4.486733912580312,5.13,47.897,21.642640956942362,-0.2860444120587135,-5.392714812204202,-4.634822650327219,-12.723191606395634,25.62705819502874,True,PE:Yahoo | FwdPE:Yahoo | ROIC:Computed | IC:Yahoo | ET:Yahoo,0.227305,0.261032,0.210568,0.207402,3.1015868559956195,0.05080105366947071,62.4971330204996,5,56.53353189716035
THERMAX,THERMAX.NS,Industrials,3682.0,0.414772396032,414772396032.0,69.93352,41.179813,,—,-0.3945386064030132,37.05179282868526,-1.6105503775483736,,9.035479340675586,0.39500003,42.166,30.447431160585285,0.6079456982834235,-7.986807523406469,-21.583215537653178,14.779194907101845,37.447427450822815,True,PE:Yahoo | FwdPE:Yahoo | ROIC:Computed | IC:Yahoo | ET:Yahoo,0.230026,0.342804,0.263468,0.24739,-2.396603950542231,0.10289377369923972,48.01003381520024,60,26.820964996347886
TIMKEN,TIMKEN.NS,Industrials,3302.4,0.248402345984,248402345984.0,58.140842,39.44953,3.7897848486666668,Yahoo EPS growth,0.0520471894517696,44.63317029791019,0.8508996305483691,,100.0,15.506,0.5,52.23125802516972,-0.20791854425660083,1.2912877000617495,-9.059041571582348,-4.073046327525431,25.800171152443408,True,PE:Yahoo | FwdPE:Yahoo | PEG:Yahoo(Yahoo EPS growth) | ROIC:Computed | IC:Yahoo | ET:Yahoo,0.094332,0.1089826,0.0779669,0.0822179,4.688156971714097,0.06162187989980424,73.4144507768083,3,51.2665337336075
TITAGARH,TITAGARH.NS,Industrials,842.15,0.100957790208,100957790208.0,57.800278,24.164995,0.5590714944915253,Yahoo EPS growth,0.21611721611721615,67.97166293810588,1.0600335114670056,,7.110017713048612,10.446,25.363,39.42044385552623,0.9303132211450179,-1.010869889619448,-5.847167206574233,31.70941386588113,35.17125524157215,True,PE:Yahoo | FwdPE:Yahoo | PEG:Yahoo(Yahoo EPS growth) | ROIC:Computed | IC:Yahoo | ET:Yahoo,0.076507,0.087543,0.083206,0.079903,-1.43727643674324,0.02504488755330727,37.93735052474797,87,26.492283737891633
TITAN,TITAN.NS,Consumer Discretionary,5009.5,4.444991258624,4444991258624.0,76.92721,56.3325,0.8963644890038811,Yahoo EPS growth,0.31422764227642275,90.59248248035678,0.9630219429827943,,7.433050847457627,12.333999599999999,195.001,41.60232123300333,1.0665192951158848,-1.0703673839670302,15.85840042786315,23.390402014858026,22.935140049357685,True,PE:Yahoo | FwdPE:Yahoo | PEG:Yahoo(Yahoo EPS growth) | ROIC:Computed | IC:Yahoo | ET:Yahoo,2.0787,2.0607,2.4915,1.4814,11.95405417668194,1.102681685269795,52.35076511609316,19,37.19341015543336
TORNTPHARM,TORNTPHARM.NS,Health Care,4965.5,1.88871671808,1888716718080.0,79.359116,53.305927,,—,-0.07392550143266476,83.92110319882447,-0.23271746606566665,,11.479554966336531,21.764,85.446,51.47,0.496500053899483,1.03774544714621,11.167075981749486,13.334123862907909,24.766116980625977,True,PE:Yahoo | FwdPE:Yahoo | ROIC:Computed | IC:Yahoo | ET:Yahoo,0.4835,0.4128,0.3251,0.3246,14.20435209689992,0.4685393541886066,56.02353311843086,11,29.385302004702602
TORNTPOWER,TORNTPOWER.NS,Utilities,1297.6,0.653865254912,653865254912.0,28.171947,21.27152,,—,-0.05849582172701949,17.229995283760402,0.6787807861269848,,6.398947427355691,14.002,70.885,38.02698489957692,-0.40922979271001847,-1.6224430943186152,-6.30393063877287,-13.539555554977156,29.120833020832976,True,PE:Yahoo | FwdPE:Yahoo | ROIC:Computed | IC:Yahoo | ET:Yahoo,0.812415,0.640607,0.677787,0.7876,1.0393961335266377,0.16220622252672864,49.49272906157316,7,42.486045004571736
TARIL,TARIL.NS,Industrials,288.5,0.0865978368,86597836800.0,32.45219,22.480526,0.2761195041304348,Yahoo EPS growth,0.40707964601769914,19.65238603445647,2.1604344509956275,,12.546158256880734,15.116999999999999,29.595,57.10064298529354,0.13728535236038308,-1.1986301369863006,-10.77779664317029,4.208052605976231,39.382808508001894,True,PE:Yahoo | FwdPE:Yahoo | PEG:Yahoo(Yahoo EPS growth) | ROIC:Computed | IC:Yahoo | ET:Yahoo,0.057234,0.078267,0.073676,0.046003,7.5530295992732865,0.02148257287077381,43.101154697380494,73,30.098254197506336
TRAVELFOOD,TRAVELFOOD.NS,Industrials,1253.6,0.165111840768,165111840768.0,34.72576,29.481321,0.9120391645531917,Yahoo EPS growth,0.16162310866574964,50.114784205693276,5.629712908176228,,12.283529043369343,26.619999999999997,16.722,73.87784458889301,0.4872618673167419,-9.374063195088834,-5.234927061881523,7.321003311962815,34.26302698175048,True,PE:Yahoo | FwdPE:Yahoo | PEG:Yahoo(Yahoo EPS growth) | ROIC:Computed | IC:Yahoo | ET:Yahoo,0.0452224,0.0460683,0.0456169,0.035589,8.312673065183308,0.040959766227395666,61.86559085289921,17,43.201772496425725
TRENT,TRENT.NS,Industrials,2802.4,1.494330114048,1494330114048.0,82.64229,55.00452,1.4594443366069503,Yahoo EPS growth,0.18844336375267157,20.191449148171966,0.8625164012305037,,22.28019008019008,12.49,36.034,49.778657490339526,0.8319800894828776,-6.274250757734112,-3.2921576670880026,20.70106244333576,32.42302735614328,True,PE:Yahoo | FwdPE:Yahoo | PEG:Yahoo(Yahoo EPS growth) | ROIC:Computed | IC:Yahoo | ET:Yahoo,0.575471,0.502799,0.534506,0.481768,6.103203796507639,0.3707027421732074,61.81365178629972,18,43.16550258114692
TRIDENT,TRIDENT.NS,Textiles,23.39,0.119185711104,119185711104.0,29.98718,20.33913,0.28161872307692304,Yahoo EPS growth,0.36111111111111116,15.736607142857142,0.7733107848767675,,8.308485329103886,13.338,38.323,44.370526071019334,0.3783749405935531,-5.150042439667535,-4.95733925414843,2.4681058714608906,20.133860607094938,True,PE:Yahoo | FwdPE:Yahoo | PEG:Yahoo(Yahoo EPS growth) | ROIC:Computed | IC:Yahoo | ET:Yahoo,0.178683,0.163253,0.157446,0.178717,-0.006341899266604223,0.029566739985203358,29.161737546814507,3,21.336605281578432
TRITURBINE,TRITURBINE.NS,Industrials,569.65,0.181090861056,181090861056.0,53.740566,36.81296,,—,-0.22125435540069685,39.33194154488516,4.4171188244598785,,100.0,9.465,2.476,57.62124478217743,0.5600720046129668,-2.5775471324499755,-13.801364988939724,21.545026303739824,43.07048600449063,True,PE:Yahoo | FwdPE:Yahoo | ROIC:Computed | IC:Yahoo | ET:Yahoo,0.04427,0.06796,0.0624,0.05062,-4.369639330551989,0.044923727458128546,53.09291431031949,40,29.660533082572616
TIINDIA,TIINDIA.NS,Consumer Discretionary,2606.1,0.504468832256,504468832256.0,83.341866,35.051785,,—,-0.07636186770428009,35.15537848605576,3.0470467919320856,,44.243802359377675,7.277,27.724,52.9676090764014,0.3233633045744927,-8.203589374559705,-19.174223065686537,2.2677397579317304,32.382552331565414,True,PE:Yahoo | FwdPE:Yahoo | ROIC:Computed | IC:Yahoo | ET:Yahoo,0.603811,0.601882,0.565151,0.517071,5.305312159932418,0.12514502498489302,54.48245249231608,15,30.966320317602275
UCOBANK,UCOBANK.NS,Financials,24.12,0.302454177792,302454177792.0,10.72,17.228573,2.8140002566666644,Yahoo EPS growth,0.03061224489795921,15.859766277128559,0.735,8.541001,,60.443999999999996,,32.84226574336783,0.006634204827707744,-7.833394081330303,-7.86859985458106,-7.670317046478625,24.58124810536246,True,PE:Yahoo | FwdPE:Yahoo | PEG:Yahoo(Yahoo EPS growth) | ROIC:ROA-proxy | ET:Yahoo,0.347655,0.311375,0.318956,0.305063,4.452694497449761,0.07503067229603844,62.96106993146245,16,71.1914987780751
UNOMINDA,UNOMINDA.NS,Consumer Discretionary,1201.6,0.693872099328,693872099328.0,57.797012,37.964954,,—,-0.015151515151515164,53.50515463917523,0.24617088848143728,,14.774531130577929,7.1090005,37.74,41.393749500896796,0.786077463805655,-3.0967761624243972,10.28912121027421,18.77836535093893,27.82822625070397,True,PE:Yahoo | FwdPE:Yahoo | ROIC:Computed | IC:Yahoo | ET:Yahoo,0.555685,0.533641,0.501806,0.481403,4.8994699606558,0.1721308347601884,46.35982671847937,32,26.349644304933534
UPL,UPL.NS,Chemicals,572.95,0.484305567744,484305567744.0,23.47194,12.159556,0.11451232349514563,Yahoo EPS growth,0.5309278350515464,5.899705014749262,0.8167623881836622,,3.475639677532422,6.561,57.128,22.84852212522578,-0.2087728744870978,0.8448451265876455,-5.989100511264677,-5.0712177244913175,28.33731568630855,True,PE:Yahoo | FwdPE:Yahoo | PEG:Yahoo(Yahoo EPS growth) | ROIC:Computed | IC:Yahoo | ET:Yahoo,1.0181,1.8335,1.2269,0.9216,3.3751113729849624,0.12014306633098208,22.729192922249773,25,20.319492849891024
UTIAMC,UTIAMC.NS,Financials,910.0,0.1169707008,116970700800.0,25.383543,15.9132805,0.6752194707568808,Yahoo EPS growth,0.11783783783783783,7.971014492753622,0.5019949435219144,,49.32198774676651,63.324000000000005,3.129,50.0,-0.040178185319456945,0.1651073197578512,0.1366503562943544,-0.6096569977762645,19.283208322475513,True,PE:Yahoo | FwdPE:Yahoo | PEG:Yahoo(Yahoo EPS growth) | ROIC:Computed | IC:Yahoo | ET:Yahoo,0.037874,0.037488,0.039474,0.037929,-0.04835930835387359,0.029017256048611603,54.841706011186325,29,62.010751258404454
ULTRACEMCO,ULTRACEMCO.NS,Materials,11000.0,3.235865952256,3235865952256.0,37.878788,25.455479,1.22,Yahoo,0.08385093167701861,24.236983842010773,0.39972534134525906,,9.547621545512271,15.478,29.432,47.987932676774925,0.6246133853103009,-6.031095164872713,-1.46143952729485,5.732178439571767,18.83288748063031,True,PE:Yahoo | FwdPE:Yahoo | PEG:Yahoo(Yahoo) | ROIC:Computed | IC:Yahoo | ET:Yahoo,2.46482,2.579947,2.182968,2.127545,5.027288046566514,0.8027305148504057,57.21514763622133,8,64.69445512068708
UNIONBANK,UNIONBANK.NS,Financials,178.1,1.359545237504,1359545237504.0,6.5865383,6.6503115,,—,-0.004794748520710053,62.474311549527314,1.349,15.798001000000001,,-8.87682,,41.078485783952104,0.36232102284843387,-4.504018175058643,7.50372354432236,5.451085380874177,27.475920325211817,True,PE:Yahoo | FwdPE:Yahoo | ROIC:ROA-proxy | ET:Yahoo,,,,,,0.3372662726350361,31.412312643670074,78,28.41488709925305
UBL,UBL.NS,Consumer Staples,1256.1,0.332119310336,332119310336.0,84.020065,46.249638,0.5663237987473309,Yahoo EPS growth,0.40833210702341144,2.6164225769293834,,,,6.418,29.076,5.348333333333334,-0.7278027757638571,-9.522442454264745,-6.251793087558067,-23.12134064208131,18.684867165481744,True,PE:Yahoo | FwdPE:Yahoo | PEG:Yahoo(Yahoo EPS growth) | ET:Yahoo,,,,,,0.0823897865088965,47.15731625773138,15,37.64412954072285
UNITDSPR,UNITDSPR.NS,Consumer Staples,,,,,,,—,,,,,,,,0.0,0.6904683266821932,-7.920792079207917,8.21731075081309,6.94939336159528,21.536375914963013,True,Yahoo,,,,,,,2.333333333333333,27,0.7450492032382017
URBANCO,URBANCO.NS,Industrials,,,,,,,—,,,,,,,,0.0,0.7507712201759802,18.07698012859531,29.51264829983391,51.53909339125937,44.57031964387309,True,Yahoo,,,,,,,2.776271186440678,118,0.7754865638973938
USHAMART,USHAMART.NS,Industrials,,,,,,,—,,,,,,,,0.0,0.6609002760336482,-0.9315824808862394,0.6596766322200853,18.2987234453877,29.09713707744748,True,Yahoo,,,,,,,3.203389830508474,116,0.8947921891123771
VTL,VTL.NS,Textiles,,,,,,,—,,,,,,,,0.0,0.30460746391282467,-3.5307402906487817,-10.473252682944533,5.4773485615631,29.572777818700786,True,Yahoo,,,,,,,10.5,4,3.0729904910079138
VBL,VBL.NS,Consumer Staples,,,,,,,—,,,,,,,,0.0,0.34607710268430275,-5.448354143019296,-22.934680317655744,4.132102516147573,27.683012209872555,True,Yahoo,,,,,,,3.499999999999999,26,1.1175738048573023
VEDL,VEDL.NS,Materials,,,,,,,—,,,,,,,,0.0,-1.6576170272013175,-2.7296177535528376,-12.085347066090312,-61.118985976160744,35.22488443617834,True,Yahoo,,,,,,,17.5,29,7.915057542525951
VIJAYA,VIJAYA.NS,Health Care,,,,,,,—,,,,,,,,0.0,1.5950604972703961,1.0427177934746013,15.66302389019274,61.36656851075068,37.819161605786995,True,Yahoo,,,,,,,1.2510638297872338,49,0.3281021958017434
VMM,VMM.NS,Industrials,,,,,,,—,,,,,,,,0.0,0.1358206052078793,-4.943926089277895,-13.03120843219363,-1.050687636380343,28.66456416490548,True,Yahoo,,,,,,,6.122033898305085,114,1.7100472947480987
IDEA,IDEA.NS,Communication Services,,,,,,,—,,,,,,,,0.0,1.3390726172763636,10.806809869816036,2.3939834761246503,61.48866804522495,37.848476267474126,True,Yahoo,,,,,,,0.8076923076923076,14,0.2255626027025503
VOLTAS,VOLTAS.NS,Consumer Discretionary,,,,,,,—,,,,,,,,0.0,-0.27951404073868286,-9.65490500193874,-12.247663345592773,-17.36247933343297,27.57490933595005,True,Yahoo,,,,,,,13.471698113207548,51,3.828470451605114
WAAREEENER,WAAREEENER.NS,Industrials,,,,,,,—,,,,,,,,0.0,-0.06554480752293203,-2.2306630719703957,-14.277165237062462,-3.6506303033822296,21.66406897930142,True,Yahoo,,,,,,,6.905084745762712,113,1.9287742743089025
WELCORP,WELCORP.NS,Industrials,,,,,,,—,,,,,,,,0.0,4.189018993006862,42.07760831091534,95.47879614767827,235.60205609696666,46.198035413331986,True,Yahoo,,,,,,,0.0,119,0.0
WELSPUNLIV,WELSPUNLIV.NS,Textiles,,,,,,,—,,,,,,,,0.0,1.3874406841884692,29.938053116776842,42.546837323987255,85.37446810713011,39.955881085308306,True,Yahoo,,,,,,,0.0,5,0.0
WHIRLPOOL,WHIRLPOOL.NS,Consumer Discretionary,,,,,,,—,,,,,,,,0.0,-0.2596153324950789,-2.9413860507511713,-3.4120069584755663,-10.912619941032764,30.704018185954755,True,Yahoo,,,,,,,12.943396226415095,53,3.6783343554637375
WIPRO,WIPRO.NS,Information Technology,,,,,,,—,,,,,,,,0.0,-0.22084001814393028,-8.574555807581596,-7.312735536378733,-14.307203576832139,25.958373928018545,True,Yahoo,,,,,,,9.692307692307692,26,4.383724177398989
WOCKPHARMA,WOCKPHARMA.NS,Health Care,,,,,,,—,,,,,,,,0.0,1.3550379665597811,13.931720138448878,13.55773018923825,79.92238210938862,48.700230989452784,True,Yahoo,,,,,,,2.1446808510638298,48,0.562460907088703
YESBANK,YESBANK.NS,Financials,,,,,,,—,,,,,,,,0.0,0.8946663165445661,2.175805091209937,-1.7161986516825212,24.89361965478205,25.392500134926525,True,Yahoo,,,,,,,1.29126213592233,104,0.5840236633320119
ZFCVINDIA,ZFCVINDIA.NS,Consumer Discretionary,,,,,,,—,,,,,,,,0.0,0.4528913236007235,-2.4948325403013283,1.482259026928312,9.62495452173673,26.760916870032737,True,Yahoo,,,,,,,7.9245283018867925,54,2.2520414421206554
ZEEL,ZEEL.NS,Communication Services,,,,,,,—,,,,,,,,0.0,0.3408672866494825,-16.014396414590003,-26.921421872594852,4.09438538986282,58.99299402447763,True,Yahoo,,,,,,,6.461538461538461,13,1.8045008216204024
ZENTEC,ZENTEC.NS,Industrials,,,,,,,—,,,,,,,,0.0,0.7008235826119157,-5.525259094327728,-3.6664930440594157,21.493215201887473,38.552461655926905,True,Yahoo,,,,,,,2.989830508474576,117,0.8351393765048855
ZENSARTECH,ZENSARTECH.NS,Information Technology,,,,,,,—,,,,,,,,0.0,-0.13589927689865142,-14.719742263091574,-6.166101301154359,-21.21244675111552,47.775857504127586,True,Yahoo,,,,,,,9.288461538461537,27,4.201069003340697
ZYDUSLIFE,ZYDUSLIFE.NS,Health Care,,,,,,,—,,,,,,,,0.0,1.0368744187578998,-4.1291931145361005,3.838482253938702,23.645614588770346,26.78705077571366,True,Yahoo,,,,,,,3.5744680851063824,47,0.9374348451478381
ZYDUSWELL,ZYDUSWELL.NS,Consumer Staples,,,,,,,—,,,,,,,,0.0,0.7133560408282897,9.209612556879708,8.345294704976357,36.821952467062545,38.70765554620058,True,Yahoo,,,,,,,1.9444444444444442,28,0.6208743360318348
ECLERX,ECLERX.NS,Industrials,,,,,,,—,,,,,,,,0.0,0.3259678439184399,4.996862210031061,35.171969953412805,20.60746577051793,47.890010783986355,True,Yahoo,,,,,,,4.983050847457626,115,1.3918989608414756
